,name,classification,possible for candidate GCs,flag,ac age,pe age,RAJ2000,DECJ2000
1,B001,1,0,0,3,1,0.027673715,+40:58:10.63
2,B002,1,0,0,3,1,0.027807581,+41:11:53.53
3,B003,1,0,0,3,1,0.027886678,+41:11:05.65
4,B004,1,0,0,3,1,0.027985208,+41:22:40.29
5,B005,1,0,0,3,1,0.028012951,+40:43:58.31
6,B006,1,0,1,3,1,0.028084352,+41:27:26.71
7,B007,4,0,0,9,0,0.028093495,+41:29:09.82
8,B008,1,0,1,3,1,0.028128345,+41:16:08.73
9,B009,1,0,1,3,1,0.028133137,+41:36:55.61
10,B010,1,0,1,3,1,0.028143125,+41:14:22.54
11,B011,1,0,1,3,1,0.028146748,+41:39:16.91
12,B012,1,0,1,3,1,0.028153542,+41:21:44.23
13,B013,1,0,1,3,1,0.028222639,+41:25:23.72
14,B014,4,0,0,9,4,0.028224572,+41:12:45.84
15,B015,1,0,0,3,1,0.028298947,+40:59:56.10
16,B016,1,0,0,3,1,0.028300532,+41:22:09.91
17,B017,1,0,1,3,1,0.02834162,+41:12:07.21
18,B018,1,0,1,2,3,0.028349618,+40:41:31.78
19,B019,1,0,1,3,1,0.028385752,+41:18:53.41
20,B020,1,0,1,3,1,0.028417373,+41:41:25.26
21,B021,1,0,0,3,1,0.02846066,+41:05:39.08
22,B022,1,0,0,3,1,0.028461655,+41:24:42.10
23,B023,1,0,1,3,1,0.028485961,+41:13:45.79
24,B024,1,0,0,3,1,0.028609502,+41:45:49.17
25,B025,1,0,0,3,1,0.028617604,+41:00:28.18
26,B026,1,0,0,3,1,0.028640683,+41:24:40.19
27,B027,1,0,1,3,1,0.028640347,+40:55:50.93
28,B028,1,0,0,3,1,0.028662998,+40:59:03.30
29,B029,1,0,1,3,1,0.028678727,+41:00:22.84
30,B030,1,0,1,3,1,0.028688958,+40:57:15.63
31,B031,1,0,0,3,1,0.028714352,+40:59:04.23
32,B032,1,0,0,3,1,0.028721227,+41:17:30.28
33,B033,1,0,0,3,1,0.028777813,+41:00:14.16
34,B034,1,0,0,3,1,0.028797604,+40:53:49.62
35,B035,1,0,0,3,1,0.028849375,+41:38:32.70
36,B036,1,0,0,3,1,0.028852222,+41:26:05.19
37,B037,1,0,1,3,1,0.02887728,+41:14:55.18
38,B038,1,0,0,3,1,0.028888391,+41:19:14.91
39,B039,1,0,0,3,1,0.02891066,+41:20:50.14
40,B040,1,0,0,1,3,0.028922164,+40:40:54.35
41,B041,1,0,1,3,1,0.028944606,+41:14:45.50
42,B042,1,0,1,3,1,0.028954514,+41:07:26.29
43,B043,1,0,0,1,3,0.02896191,+40:42:39.82
44,B044,1,0,0,3,1,0.0289689,+41:20:06.37
45,B045,1,0,1,3,1,0.028971157,+41:34:19.99
46,B046,1,0,1,3,1,0.028988438,+41:46:27.71
47,B047,1,0,1,3,1,0.02899963,+41:42:04.15
48,B048,1,0,0,3,1,0.02899897,+41:13:30.72
49,B049,1,0,1,1,3,0.028999942,+40:49:54.35
50,B050,1,0,0,3,1,0.02900772,+41:32:18.48
51,B051,1,0,0,3,1,0.029012523,+41:25:19.23
52,B052,4,0,0,9,0,0.029015729,+41:38:09.77
53,B053,6,0,6,9,0,0.0290189,+41:22:44.98
54,B054,1,0,0,3,1,0.029023935,+41:00:55.14
55,B055,1,0,0,3,1,0.029055463,+41:12:12.48
56,B056,1,0,1,3,1,0.029064306,+40:57:40.06
57,B057,1,0,1,3,1,0.029083715,+40:52:04.73
58,B058,1,0,1,3,1,0.029085741,+40:47:09.65
59,B059,1,0,0,3,1,0.02909838,+41:11:00.90
60,B060,1,0,1,3,1,0.029132014,+41:05:14.40
61,B061,1,0,1,3,1,0.029168206,+41:29:35.71
62,B062,4,0,0,9,0,0.029170046,+41:38:32.49
63,B063,1,0,1,3,1,0.029176759,+41:29:09.53
64,B064,1,0,0,3,1,0.029188981,+41:11:07.50
65,B065,1,0,0,3,1,0.029189063,+40:40:13.00
66,B066,1,0,0,1,3,0.029202419,+40:44:47.12
67,B067,1,0,1,3,1,0.029203345,+41:04:23.62
68,B068,1,0,1,3,1,0.029203785,+40:58:50.13
69,B069,1,0,1,1,3,0.029230475,+41:26:09.38
70,B070,1,0,1,3,1,0.029246447,+41:07:56.41
71,B071,1,0,0,3,1,0.029249236,+41:12:12.06
72,B072,1,0,1,3,1,0.029252523,+41:22:47.73
73,B073,1,0,0,3,1,0.029251354,+40:59:21.16
74,B074,1,0,1,3,1,0.029259734,+41:43:21.62
75,B075,1,0,1,3,1,0.029268796,+41:20:21.25
76,B076,1,0,1,3,1,0.029285289,+41:05:22.05
77,B077,1,0,1,3,1,0.029295475,+41:07:34.00
78,B078,1,0,0,3,1,0.029307303,+41:17:58.80
79,B079,4,0,0,9,4,0.029307384,+41:29:28.02
80,B080,1,0,1,3,1,0.029309826,+41:19:00.89
81,B081,1,0,0,1,3,0.029323912,+40:48:38.96
82,B082,1,0,1,3,1,0.029349954,+41:01:14.28
83,B083,1,0,1,3,1,0.029356944,+41:45:20.76
84,B084,1,0,1,3,1,0.029368623,+41:18:55.82
85,B085,1,0,0,3,1,0.029377801,+40:39:57.14
86,B086,1,0,1,3,1,0.029382558,+41:14:02.13
87,B088,1,0,1,3,1,0.029410451,+41:32:14.20
88,B089,6,0,0,9,6,0.02941272,+41:39:47.37
89,B090,1,0,1,3,1,0.029411065,+41:02:57.66
90,B091,1,0,1,1,3,0.02941794,+41:22:05.40
91,B092,1,0,0,3,1,0.029425625,+41:08:08.67
92,B093,1,0,1,3,1,0.029434421,+41:21:43.57
93,B094,1,0,1,3,1,0.029456516,+40:57:17.61
94,B095,1,0,0,3,1,0.029465972,+41:05:36.27
95,B096,1,0,1,3,1,0.029468519,+41:19:14.79
96,B097,1,0,1,3,1,0.029484433,+41:25:32.18
97,B098,1,0,1,3,1,0.029483738,+40:59:35.86
98,B099,1,0,0,3,1,0.029486273,+41:10:03.40
99,B100,1,0,1,3,1,0.029501435,+40:49:55.70
100,B101,1,0,1,3,1,0.029502627,+41:08:15.77
101,B102,7,0,7,9,0,0.029512002,+41:34:18.04
102,B103,1,0,1,3,1,0.029510775,+41:17:57.62
103,B104,1,0,1,3,1,0.029513565,+41:17:25.56
104,B105,1,0,0,3,1,0.029522535,+41:30:27.34
105,B106,1,0,0,3,1,0.02952588,+41:12:18.39
106,B107,1,0,1,3,1,0.029528414,+41:19:38.87
107,B108,1,0,0,3,1,0.029527477,+41:08:51.38
108,B109,1,0,1,3,1,0.02953897,+41:10:27.87
109,B110,1,0,1,3,1,0.029549826,+41:03:28.36
110,B111,1,0,1,3,1,0.02955059,+41:00:26.34
111,B112,1,0,1,3,1,0.029551424,+41:17:42.38
112,B113,6,0,6,9,0,0.029554919,+41:21:38.58
113,B114,1,0,1,3,1,0.029563692,+41:12:45.05
114,B115,1,0,1,3,1,0.029564861,+41:14:01.87
115,B116,1,0,1,3,1,0.029566481,+41:32:51.17
116,B117,1,0,1,3,1,0.029564722,+40:57:09.05
117,B118,6,0,6,9,0,0.029566447,+41:15:08.49
118,B119,1,0,1,3,1,0.029584271,+41:17:35.39
119,B122,1,0,1,3,1,0.029630856,+41:33:46.57
120,B123,1,0,1,3,1,0.02963735,+41:10:33.31
121,B124,1,0,1,3,1,0.029646296,+41:15:23.66
122,B125,1,0,1,3,1,0.029655787,+41:05:30.95
123,B126,1,0,1,3,1,0.029672234,+41:12:42.70
124,B127,1,0,1,3,1,0.02968169,+41:14:41.41
125,B128,1,0,1,3,1,0.029719861,+41:11:13.75
126,B129,1,0,1,3,1,0.029726007,+41:25:06.39
127,B130,1,0,1,3,1,0.029732211,+41:29:52.45
128,B131,1,0,1,3,1,0.029754641,+41:17:07.52
129,B132,1,0,1,3,1,0.029761655,+41:15:40.86
130,B133,3,0,6,9,3,0.029763935,+41:23:29.67
131,B134,1,0,1,3,1,0.029764792,+41:14:03.42
132,B135,1,0,1,3,1,0.029768322,+41:31:07.96
133,B136,1,0,1,3,1,0.029787581,+41:19:34.12
134,B137,1,0,1,3,1,0.029791551,+41:32:14.16
135,B138,1,0,1,3,2,0.029810359,+41:18:34.84
136,B140,1,0,1,3,1,0.029846655,+41:08:52.71
137,B141,1,0,1,3,1,0.029852813,+41:32:47.38
138,B143,1,0,1,3,1,0.029857072,+41:19:19.29
139,B144,1,0,1,3,1,0.029859525,+41:16:05.55
140,B145,1,0,1,3,1,0.02987941,+41:12:26.89
141,B146,1,0,1,3,1,0.029894919,+41:15:22.51
142,B147,1,0,1,3,1,0.029899387,+41:21:21.53
143,B148,1,0,1,3,1,0.029905833,+41:18:04.72
144,B149,1,0,1,3,1,0.029924421,+41:34:27.11
145,B150,1,0,1,3,1,0.029948102,+41:20:19.50
146,B151,1,0,1,3,1,0.029971725,+41:21:31.99
147,B152,1,0,1,3,1,0.029977037,+41:18:15.79
148,B153,1,0,1,3,1,0.029984039,+41:14:51.31
149,B154,1,0,1,3,1,0.030005266,+41:16:04.88
150,B155,1,0,1,3,1,0.030016227,+41:03:28.22
151,B156,1,0,1,3,1,0.030020104,+41:01:17.66
152,B157,1,0,1,3,1,0.030023299,+41:11:19.63
153,B158,1,0,1,3,1,0.030027847,+41:07:21.28
154,B159,1,0,1,3,1,0.030030625,+41:25:13.37
155,B160,1,0,1,3,1,0.030034005,+41:01:35.47
156,B161,1,0,1,3,1,0.030039537,+41:11:25.15
157,B162,1,0,1,3,1,0.030051042,+41:24:04.45
158,B163,1,0,1,3,1,0.030065278,+41:27:44.91
159,B164,1,0,1,3,1,0.030071343,+41:12:29.35
160,B165,1,0,1,3,1,0.030071944,+41:10:54.76
161,B166,6,0,6,9,0,0.030098218,+41:12:33.63
162,B167,1,0,1,3,1,0.030105602,+41:14:08.13
163,B168,1,0,0,3,1,0.030121829,+41:44:05.56
164,B169,1,0,1,3,1,0.030127326,+41:15:25.35
165,B170,1,0,0,3,1,0.030132963,+40:50:41.55
166,B171,1,0,1,3,1,0.030157465,+41:15:37.13
167,B172,1,0,0,3,1,0.030162106,+41:21:31.61
168,B173,1,0,0,3,1,0.030194421,+41:22:37.05
169,B174,1,0,1,3,1,0.03021184,+41:38:56.15
170,B176,1,0,0,3,1,0.030213866,+40:49:10.90
171,B177,1,0,0,3,1,0.030214248,+41:05:42.33
172,B178,1,0,0,3,1,0.0302175,+41:21:16.37
173,B179,1,0,0,3,1,0.030221192,+41:18:14.64
174,B180,1,0,1,3,1,0.030228391,+41:07:46.35
175,B181,1,0,0,3,1,0.030236759,+41:29:07.13
176,B182,1,0,1,3,1,0.030285556,+41:08:12.16
177,B183,1,0,0,3,1,0.030288634,+41:02:02.33
178,B184,1,0,0,3,1,0.030295313,+41:36:34.64
179,B185,1,0,1,3,1,0.030292662,+41:14:43.56
180,B186,1,0,0,3,1,0.030303345,+41:36:23.97
181,B187,1,0,0,3,1,0.03030816,+41:29:46.85
182,B188,1,0,0,3,1,0.0303414,+41:24:25.74
183,B189,1,0,0,3,1,0.030351794,+41:35:23.22
184,B190,1,0,1,3,1,0.030363275,+41:34:05.76
185,B191,4,0,4,9,4,0.030365035,+40:43:41.85
186,B192,1,0,0,1,3,0.030376296,+41:37:27.01
187,B193,1,0,1,3,1,0.030387766,+41:36:57.48
188,B194,1,0,0,3,1,0.030384178,+41:06:08.73
189,B195,1,0,0,1,3,0.030423079,+41:02:27.64
190,B196,1,0,1,3,1,0.030423299,+40:42:36.86
191,B197,1,0,1,3,1,0.030436296,+41:30:09.81
192,B198,1,0,1,3,1,0.030441273,+41:31:52.49
193,B199,1,0,1,3,1,0.030437789,+40:58:14.90
194,B200,1,0,0,3,1,0.030444641,+41:29:22.56
195,B201,1,0,1,3,1,0.03047272,+41:09:57.88
196,B202,1,0,1,3,1,0.030493796,+41:00:32.37
197,B203,1,0,1,3,1,0.03050735,+41:32:35.21
198,B204,1,0,0,3,1,0.030514213,+41:22:02.79
199,B205,1,0,0,3,1,0.030534398,+41:24:38.11
200,B206,1,0,1,3,1,0.03053956,+41:30:17.97
201,B207,1,0,0,3,1,0.030549271,+41:06:10.77
202,B208,1,0,0,3,1,0.030556331,+41:23:11.64
203,B209,1,0,0,3,1,0.030585995,+41:25:26.57
204,B210,1,0,1,1,3,0.0305875,+41:14:24.39
205,B211,1,0,0,3,1,0.03058941,+41:20:04.60
206,B212,1,0,0,3,1,0.030591192,+41:04:56.27
207,B213,1,0,1,3,1,0.030596204,+41:30:38.65
208,B214,1,0,0,3,1,0.030601111,+41:26:18.52
209,B215,1,0,1,3,1,0.03062963,+41:31:43.59
210,B216,1,0,1,1,3,0.030657188,+41:37:55.31
211,B217,1,0,0,3,1,0.030678229,+41:23:51.04
212,B218,1,0,1,3,1,0.030721377,+41:19:19.32
213,B219,1,0,0,3,1,0.030729688,+40:56:47.37
214,B220,1,0,1,3,1,0.030780903,+41:30:34.65
215,B221,1,0,0,3,1,0.030822488,+41:33:06.34
216,B222,1,0,0,1,3,0.030848472,+41:14:11.62
217,B223,1,0,1,1,3,0.030868634,+41:34:37.17
218,B224,1,0,1,3,1,0.030868866,+41:28:49.71
219,B225,1,0,1,3,1,0.030897685,+41:21:35.27
220,B226,4,0,0,9,4,0.030908796,+41:10:59.03
221,B227,4,0,0,9,4,0.030917118,+40:44:19.93
222,B228,1,0,1,3,1,0.030939838,+41:41:27.62
223,B229,1,0,1,3,1,0.030946736,+41:38:28.34
224,B230,1,0,0,3,1,0.030962778,+40:57:12.27
225,B231,1,0,1,3,1,0.031001713,+41:27:47.12
226,B232,1,0,1,3,1,0.031021181,+41:15:00.42
227,B233,1,0,1,3,1,0.031042882,+41:43:54.40
228,B234,1,0,1,3,1,0.031092303,+41:29:17.77
229,B235,1,0,0,3,1,0.031225891,+41:29:23.72
230,B236,1,0,1,3,1,0.031353056,+40:50:28.70
231,B237,1,0,0,3,1,0.031356887,+41:22:34.50
232,B238,1,0,0,3,1,0.03141985,+41:19:36.90
233,B239,1,0,0,3,1,0.031430428,+41:35:17.13
234,B240,1,0,1,3,1,0.031539815,+41:06:22.17
235,B241,4,0,0,9,4,0.027725104,+41:15:07.05
236,B242,4,0,0,0,4,0.027789201,+41:00:57.61
237,B243,4,0,0,0,4,0.027798183,+41:09:22.18
238,B244,1,0,0,3,1,0.028084444,+41:18:35.56
239,B245,4,0,0,9,4,0.028195602,+41:07:33.24
240,B246,1,0,0,3,2,0.028382836,+40:53:56.39
241,B247,1,0,0,3,1,0.02849794,+41:00:31.54
242,B248,1,0,0,3,1,0.028564745,+40:53:01.05
243,B249,1,0,0,3,2,0.028617859,+41:01:12.77
244,B250,4,0,0,9,4,0.02864794,+41:33:57.64
245,B251,4,0,0,9,4,0.028895856,+41:00:18.28
246,B252,4,0,0,9,4,0.028926701,+41:30:35.24
247,B253,6,0,6,9,0,0.029047986,+40:52:59.98
248,B254,1,0,0,3,1,0.029057083,+41:16:26.08
249,B255,1,0,0,1,3,0.029166285,+40:48:33.77
250,B256,4,0,0,9,4,0.029179039,+41:38:11.13
251,B257,1,0,1,3,1,0.029204676,+40:58:13.93
252,B258,2,1,0,9,2,0.029257106,+41:09:26.52
253,B259,1,0,0,3,1,0.029386192,+41:42:14.94
254,B260,1,0,0,3,1,0.029550833,+41:31:24.83
255,B261,6,0,6,9,0,0.029584375,+41:17:41.00
256,B262,1,0,1,3,1,0.029745949,+41:19:28.12
257,B263,6,0,6,9,6,0.029771192,+40:47:56.37
258,B264,1,0,1,3,1,0.02978228,+41:16:14.40
259,B265,1,0,0,3,1,0.029883403,+40:53:01.85
260,B266,1,0,1,3,1,0.029901933,+41:40:31.22
261,B267,4,0,4,9,4,0.029926528,+40:46:04.71
262,B268,1,0,1,3,1,0.029944352,+41:11:47.81
263,B269,1,0,1,3,1,0.029946528,+41:27:32.98
264,B270,4,0,4,9,4,0.030062766,+40:55:45.61
265,B271,1,0,0,2,3,0.030128333,+41:25:26.22
266,B272,1,0,1,3,1,0.030156354,+41:37:11.39
267,B273,4,0,0,9,4,0.030167998,+40:51:51.62
268,B274,1,0,0,3,2,0.030316644,+41:31:18.20
269,B275,4,0,0,9,4,0.03051463,+40:58:50.60
270,B276,4,0,0,9,4,0.03058684,+41:02:17.75
271,B277,1,0,0,3,2,0.030751308,+41:14:15.79
272,B278,1,0,1,1,3,0.030825498,+41:35:03.85
273,B279,1,0,1,3,1,0.030879583,+41:44:10.36
274,B280,4,0,0,9,4,0.030873009,+40:50:17.90
275,B281,1,0,0,3,1,0.031051262,+41:20:08.56
276,B282,6,0,0,9,6,0.03106125,+40:44:15.68
277,B283,1,0,0,3,1,0.031196806,+41:17:00.38
278,B284,6,0,0,9,6,0.03121588,+40:58:00.29
279,B285,4,0,4,9,0,0.031539757,+41:05:18.92
280,B286,6,0,0,9,6,0.031545787,+40:59:24.67
281,B287,1,0,0,3,1,0.031579803,+41:30:04.60
282,B288,4,0,0,9,4,0.031725868,+41:06:31.47
283,B289,1,0,1,0,1,0.023852801,+41:47:51.14
284,B290,1,0,1,3,1,0.023853553,+41:28:18.18
285,B291,1,0,1,3,1,0.025057593,+42:02:09.32
286,B292,1,0,1,3,1,0.025192894,+40:58:26.58
287,B293,1,0,1,3,1,0.025241493,+40:53:37.25
288,B294,4,0,4,9,0,0.025381343,+40:24:53.47
289,B295,1,0,0,3,1,0.025540891,+40:19:42.11
290,B296,4,0,0,9,0,0.025542674,+40:30:47.19
291,B297,4,0,0,9,0,0.025595741,+39:38:37.90
292,B298,1,0,1,3,1,0.026391516,+40:43:55.86
293,B299,4,0,0,9,0,0.026411574,+40:41:46.97
294,B300,4,0,0,9,0,0.026604745,+39:39:58.86
295,B301,1,0,1,3,1,0.026638669,+40:03:37.16
296,B302,1,0,1,3,1,0.02677662,+41:20:52.29
297,B303,1,0,0,1,3,0.026973692,+40:27:30.96
298,B304,1,0,1,3,1,0.027047917,+41:10:28.41
299,B305,1,0,1,3,1,0.027070856,+40:16:31.78
300,B306,1,0,0,3,1,0.027184109,+40:34:21.21
301,B307,1,0,0,2,1,0.027297188,+40:32:58.05
302,B308,4,0,0,9,0,0.027302627,+40:29:33.22
303,B309,1,0,1,3,1,0.027368125,+40:14:29.12
304,B310,1,0,1,3,1,0.027381389,+41:23:33.14
305,B311,1,0,1,3,1,0.027473669,+40:31:14.68
306,B312,1,0,1,3,1,0.027548322,+40:57:02.45
307,B313,1,0,0,3,1,0.027599525,+40:52:55.05
308,B314,1,0,7,1,3,0.027599468,+40:14:07.91
309,B315,1,0,1,1,3,0.027644803,+40:31:30.40
310,B316,1,0,0,2,1,0.02770375,+40:41:39.29
311,B317,1,0,1,3,1,0.027723287,+41:47:45.92
312,B318,1,0,1,1,3,0.027787882,+40:34:07.86
313,B319,1,0,1,1,3,0.02781287,+40:33:57.80
314,B320,4,0,0,9,4,0.027959595,+41:48:30.66
315,B321,1,0,0,1,3,0.027955382,+40:27:46.50
316,B322,1,0,0,1,3,0.027977384,+40:39:04.41
317,B323,1,0,0,1,3,0.027989444,+40:32:44.89
318,B324,1,0,1,1,3,0.02801478,+41:40:49.38
319,B325,1,0,0,1,3,0.028045336,+40:30:47.15
320,B326,6,0,6,9,0,0.02805228,+41:41:10.26
321,B327,1,0,0,1,3,0.028056794,+40:36:22.52
322,B328,1,0,1,3,1,0.028061678,+41:40:23.15
323,B329,4,0,4,9,0,0.028064248,+41:47:23.67
324,B330,1,0,1,3,1,0.028073912,+41:42:53.68
325,B331,1,0,1,3,1,0.028080451,+41:42:04.25
326,B332,6,0,6,9,0,0.028084942,+41:39:56.15
327,B333,1,0,1,3,1,0.028120671,+41:40:25.74
328,B335,1,0,0,3,1,0.028260336,+40:38:28.16
329,B336,1,0,1,3,1,0.028328808,+42:08:42.11
330,B337,1,0,1,3,1,0.028338854,+42:12:11.06
331,B338,1,0,1,3,1,0.028459144,+40:35:47.79
332,B339,1,0,1,3,1,0.028480428,+39:55:54.21
333,B340,4,0,4,9,0,0.028574005,+39:37:36.44
334,B341,1,0,0,3,1,0.028578194,+40:35:52.89
335,B342,1,0,1,1,3,0.028751273,+40:36:47.14
336,B343,1,0,1,3,1,0.028971088,+40:12:22.50
337,B344,1,0,0,3,1,0.02920103,+41:52:02.20
338,B345,1,0,1,3,1,0.029330116,+40:17:36.51
339,B346,4,0,0,9,4,0.029400035,+40:30:30.69
340,B347,1,0,0,3,1,0.02943162,+41:54:27.58
341,B348,1,0,0,3,1,0.029431944,+41:52:28.46
342,B349,1,0,0,1,3,0.029445833,+40:37:43.77
343,B350,1,0,1,3,1,0.029495856,+40:24:51.12
344,B351,1,0,1,3,1,0.029606319,+42:11:30.76
345,B352,1,0,1,3,1,0.029608715,+42:02:13.20
346,B353,9,0,9,9,0,0.029713079,+41:15:38.93
347,B354,1,0,0,3,1,0.029718113,+42:00:24.73
348,B355,6,0,6,9,0,0.02977875,+41:57:59.19
349,B356,1,0,0,3,1,0.029980984,+41:50:31.23
350,B357,1,0,1,3,1,0.030014259,+40:10:56.39
351,B358,1,0,1,3,1,0.030067836,+39:49:13.18
352,B360,4,0,4,9,0,0.030506157,+40:01:23.34
353,B361,1,0,1,3,1,0.030521991,+40:14:01.25
354,B362,6,0,6,9,0,0.030664028,+41:41:39.13
355,B363,1,0,1,3,1,0.030754919,+40:33:35.13
356,B364,4,0,4,9,0,0.0307739,+39:45:21.55
357,B365,1,0,0,3,1,0.030977373,+42:17:20.57
358,B366,1,0,1,3,1,0.031095914,+42:03:50.45
359,B367,1,0,1,1,3,0.031101296,+42:05:31.91
360,B368,1,0,1,3,3,0.031108808,+41:51:09.06
361,B369,4,0,4,9,0,0.031390139,+39:52:53.26
362,B370,1,0,1,3,1,0.0314164,+41:57:40.75
363,B371,1,0,0,1,3,0.031564282,+41:43:44.69
364,B372,1,0,0,3,1,0.031636076,+42:00:24.17
365,B373,1,0,1,3,1,0.031734398,+41:45:33.52
366,B374,1,0,1,1,3,0.031765278,+41:41:55.06
367,B375,1,0,0,3,1,0.031777315,+41:39:42.15
368,B376,1,0,1,1,3,0.031810023,+41:42:39.88
369,B377,1,0,1,3,1,0.031808819,+40:38:04.29
370,B378,1,0,0,3,1,0.031912442,+41:53:30.71
371,B379,1,0,1,3,1,0.031930995,+40:42:31.37
372,B380,1,0,7,1,3,0.032016644,+42:00:53.13
373,B381,1,0,0,3,1,0.03202022,+41:20:58.86
374,B382,1,0,0,3,1,0.03206412,+41:37:40.34
375,B383,1,0,1,3,1,0.032082731,+41:19:41.48
376,B384,1,0,1,3,1,0.032198333,+40:16:59.60
377,B385,4,0,0,9,4,0.032233275,+41:35:09.46
378,B386,1,0,1,3,1,0.03225713,+42:01:52.75
379,B387,1,0,1,3,1,0.032332361,+40:44:13.46
380,B388,6,0,0,9,6,0.032418495,+41:38:11.39
381,B389,4,0,0,9,4,0.032451597,+41:49:09.99
382,B390,3,0,4,9,0,0.032542037,+40:23:46.90
383,B391,1,0,0,3,1,0.032616979,+41:33:56.51
384,B392,3,0,0,1,3,0.032649873,+41:54:44.55
385,B393,1,0,1,3,1,0.032652824,+41:24:06.39
386,B394,4,0,0,9,0,0.032704028,+41:08:11.98
387,B395,4,0,4,9,0,0.032709352,+41:12:25.44
388,B396,1,0,1,3,1,0.032930069,+40:21:42.14
389,B397,1,0,1,3,1,0.032954051,+41:12:10.41
390,B398,1,0,0,3,1,0.033307708,+41:48:45.66
391,B399,1,0,1,3,1,0.033328229,+41:35:28.38
392,B400,1,0,0,3,1,0.033350012,+42:25:32.96
393,B401,1,0,1,3,1,0.033431806,+41:40:41.93
394,B402,1,0,1,3,1,0.033750532,+42:01:34.54
395,B403,1,0,0,3,1,0.034231794,+41:35:08.18
396,B404,4,0,4,9,0,0.03440419,+40:41:19.85
397,B405,1,0,1,3,1,0.034488449,+41:35:29.70
398,B406,4,0,4,9,0,0.034714375,+42:15:55.91
399,B407,1,0,1,3,1,0.034837454,+41:41:00.94
400,B408,4,0,0,9,0,0.035068912,+40:35:28.79
401,B409,6,0,4,9,0,0.035175775,+41:17:35.35
402,B410,4,0,4,9,0,0.03523985,+40:58:35.49
403,B411,2,4,0,9,0,0.023967685,+41:33:44.09
404,B412,2,4,0,9,0,0.024250938,+41:32:26.49
405,B413,2,4,0,9,0,0.02445603,+41:29:07.81
406,B414,4,0,0,9,2,0.025225764,+42:16:29.90
407,B415,4,0,0,9,0,0.025590856,+40:30:38.44
408,B416,4,0,0,9,0,0.02571103,+39:48:34.99
409,B417,4,0,0,9,0,0.025758669,+42:02:34.55
410,B418,4,0,0,9,4,0.025900255,+40:06:51.35
411,B419,4,0,0,9,0,0.02600956,+39:43:08.75
412,B420,2,4,0,9,2,0.0260236,+41:35:44.26
413,B421,4,0,4,9,0,0.026074363,+41:07:30.67
414,B422,1,0,1,3,1,0.026139549,+41:59:59.29
415,B423,1,0,1,8,2,0.026350255,+40:57:35.96
416,B424,4,0,0,9,4,0.026424444,+39:45:23.01
417,B425,4,0,0,9,0,0.02659353,+39:37:19.19
418,B426,6,0,0,9,0,0.026618102,+41:14:30.71
419,B427,4,0,4,9,0,0.026651748,+39:58:09.75
420,B428,4,0,0,9,4,0.026808403,+40:45:01.65
421,B429,4,0,4,9,0,0.026836782,+41:09:10.97
422,B430,6,0,6,9,0,0.026885544,+41:44:00.67
423,B431,1,0,0,1,3,0.027022813,+40:34:56.33
424,B432,4,0,0,9,0,0.027073634,+41:43:15.84
425,B433,4,0,0,9,4,0.027112188,+40:00:10.05
426,B434,4,0,4,9,0,0.027258993,+41:29:15.70
427,B435,4,0,0,9,4,0.027296632,+40:48:25.75
428,B436,1,0,0,3,1,0.027438137,+40:18:20.53
429,B437,4,0,0,9,4,0.027464491,+39:55:15.84
430,B438,4,0,0,9,4,0.027494294,+40:00:00.60
431,B439,4,0,0,9,0,0.027548067,+41:02:14.80
432,B440,4,0,0,9,4,0.027804294,+42:09:56.37
433,B441,6,0,0,9,6,0.027869225,+41:43:36.01
434,B442,1,0,0,1,3,0.028002245,+40:37:29.11
435,B443,3,0,6,1,3,0.028018356,+40:33:22.13
436,B444,6,0,6,9,0,0.028030532,+41:41:46.96
437,B445,6,0,0,9,6,0.028030081,+41:46:57.00
438,B446,4,0,4,9,0,0.028093137,+41:36:55.14
439,B447,4,0,0,9,4,0.028086493,+40:07:06.52
440,B448,1,0,0,1,3,0.028200301,+40:40:15.17
441,B449,1,0,0,3,1,0.028266887,+40:36:04.31
442,B450,1,0,1,9,2,0.02831434,+41:41:01.93
443,B451,6,0,6,9,0,0.028319479,+40:51:34.11
444,B452,1,0,0,1,3,0.028337211,+40:35:06.03
445,B453,3,0,6,1,3,0.028510532,+41:00:55.41
446,B454,4,0,4,9,0,0.028518461,+40:01:30.60
447,B455,4,0,4,9,0,0.028539942,+39:41:57.76
448,B456,4,0,0,9,4,0.028720093,+40:15:08.20
449,B457,1,0,1,3,1,0.028810532,+42:18:37.17
450,B458,1,0,1,1,3,0.02898875,+40:51:22.60
451,B459,6,0,0,9,6,0.029042569,+42:07:42.58
452,B460,2,4,0,9,2,0.029106678,+39:35:25.51
453,B461,1,0,1,3,1,0.029215845,+42:03:26.63
454,B462,1,0,1,3,1,0.029337025,+42:01:36.75
455,B463,4,0,4,9,0,0.029485127,+40:35:52.47
456,B464,4,0,0,9,4,0.029521898,+42:00:13.15
457,B465,6,0,6,9,6,0.029860394,+41:14:43.92
458,B466,6,0,6,9,0,0.029871065,+40:24:00.91
459,B467,1,0,1,3,1,0.029935775,+42:01:49.13
460,B468,1,0,1,8,1,0.030005891,+39:47:57.21
461,B469,4,0,0,9,0,0.030084942,+42:10:18.35
462,B470,4,0,0,9,4,0.030295625,+42:09:47.41
463,B471,4,0,0,9,0,0.030343032,+42:07:57.09
464,B472,1,0,0,3,1,0.030421551,+41:26:52.98
465,B473,6,0,6,9,0,0.030873796,+41:11:34.01
466,B474,4,0,0,9,4,0.0311375,+41:09:22.87
467,B475,1,0,1,1,3,0.031204329,+41:54:00.76
468,B476,1,0,0,3,2,0.031333206,+41:40:31.11
469,B477,1,0,1,1,3,0.0313464,+41:39:37.62
470,B478,4,0,0,9,4,0.031397419,+42:24:08.27
471,B479,4,0,0,9,4,0.031573438,+42:07:03.07
472,B480,1,0,0,1,3,0.031777477,+41:45:52.49
473,B481,4,0,0,9,4,0.031807755,+40:23:29.88
474,B482,4,0,0,9,4,0.031865938,+41:19:17.92
475,B483,1,0,0,1,3,0.031874225,+42:02:18.02
476,B484,1,0,0,1,3,0.031873796,+41:47:37.02
477,B485,4,0,0,9,4,0.032019711,+40:47:09.13
478,B486,1,0,0,3,1,0.032044213,+40:58:03.64
479,B487,6,0,6,9,0,0.032224306,+40:30:11.08
480,B488,5,0,5,9,0,0.032341285,+42:11:42.78
481,B489,2,4,0,9,2,0.032365579,+40:00:26.86
482,B490,4,0,0,9,4,0.032416042,+41:32:56.99
483,B491,4,0,0,9,4,0.032538819,+41:09:45.02
484,B492,4,0,0,9,4,0.03266831,+41:10:12.61
485,B493,4,0,0,9,4,0.032806481,+42:17:05.73
486,B494,4,0,0,9,4,0.032875382,+41:54:57.27
487,B495,2,4,0,9,2,0.032924676,+41:55:11.54
488,B496,4,0,0,9,4,0.032979838,+39:40:23.75
489,B497,4,0,4,9,0,0.033158032,+40:11:37.14
490,B498,4,0,4,9,0,0.033210764,+41:39:09.51
491,B499,4,0,0,9,4,0.033374294,+39:42:14.10
492,B500,4,0,0,9,4,0.033532535,+41:53:46.09
493,B501,4,0,4,9,0,0.033605972,+40:29:21.53
494,B502,4,0,4,9,4,0.033679618,+39:39:18.67
495,B503,4,0,0,9,0,0.033766412,+39:31:03.42
496,B504,2,1,0,9,2,0.033856111,+40:08:45.94
497,B505,4,0,0,9,4,0.034205532,+42:19:03.75
498,B506,2,4,0,9,2,0.034431771,+40:00:28.94
499,B507,4,0,0,9,4,0.034472431,+40:45:00.36
500,B508,6,0,0,9,6,0.034557963,+41:23:22.82
501,B509,4,0,4,9,0,0.034639456,+42:09:43.37
502,B510,4,0,0,9,4,0.035114653,+41:49:20.43
503,B511,2,4,0,9,2,0.035224745,+40:11:13.39
504,B512,2,4,0,9,2,0.03525838,+39:53:19.91
505,B513,2,4,0,9,2,0.035275532,+41:25:46.27
601,G001,1,0,1,3,1,0.022760833,+39:34:40.67
602,G002,1,0,1,3,1,0.023307616,+39:31:18.92
603,G003,6,0,6,9,0,0.023480995,+42:03:47.36
604,G004,4,0,0,9,0,0.02406735,+39:34:40.81
605,G005,4,0,4,9,0,0.024329363,+42:29:10.90
606,G006,4,0,4,9,0,0.024360799,+42:35:32.23
607,G007,4,0,4,9,0,0.02446419,+42:35:18.59
608,B136D,4,0,0,9,0,0.024912454,+39:57:08.08
613,B145D,6,0,0,9,0,0.025448681,+42:16:28.53
617,B153D,6,0,6,9,0,0.025839745,+39:50:16.86
618,G018,6,0,6,9,0,0.025908067,+40:21:19.56
620,G020,6,0,0,9,0,0.026369838,+42:31:46.58
647,B189D,1,0,0,1,3,0.027957083,+40:39:59.51
648,B190D,6,0,0,9,6,0.027972801,+40:39:30.16
655,B193D,6,0,6,9,0,0.028067465,+41:42:54.02
683,G083,1,0,0,1,3,0.02861603,+41:09:49.28
685,G085,1,0,0,1,3,0.028620405,+40:34:17.86
689,B020D,1,0,1,3,0,0.028671736,+41:08:09.19
699,G099,1,0,0,1,3,0.028899074,+40:47:24.90
700,B028D,6,0,0,9,6,0.028909144,+40:52:03.80
737,G137,5,0,5,9,0,0.029275787,+41:28:31.32
745,G145,4,0,4,9,0,0.029353241,+40:19:35.98
771,G171,4,0,4,9,0,0.029558403,+43:02:06.08
804,G204,6,0,6,9,0,0.029954525,+41:16:52.53
825,G225,4,0,0,9,0,0.030197963,+39:11:43.02
845,B103D,1,0,1,3,1,0.030411319,+41:27:07.87
853,G253,6,0,6,9,0,0.030517569,+41:26:19.30
860,G260,1,0,0,3,1,0.030565475,+42:34:48.48
868,G268,1,0,4,3,1,0.030671435,+42:46:57.81
870,G270,5,0,5,9,0,0.030696481,+41:33:24.52
873,G273,4,0,0,9,0,0.030757523,+42:57:03.74
889,G289,6,0,0,9,6,0.031084977,+41:17:07.39
894,G294,4,0,0,9,0,0.031120486,+43:00:22.31
895,G295,6,0,6,9,6,0.031165185,+41:25:10.84
914,G314,6,0,0,9,0,0.032018634,+41:20:50.34
925,G325,6,0,6,9,6,0.032422442,+41:50:00.75
927,G327,1,0,1,3,1,0.032517234,+42:44:46.73
937,B311D,4,0,0,9,0,0.032982581,+41:43:20.92
939,G339,1,0,1,0,1,0.033220081,+43:09:16.43
947,G347,4,0,0,9,0,0.034022731,+42:41:36.39
949,G349,4,0,0,9,0,0.03435772,+40:02:50.29
953,G353,1,0,1,3,1,0.034933009,+42:35:44.15
955,G355,3,0,4,9,0,0.035807176,+39:57:35.81
956,VDB00,6,0,6,9,0,0.052825405,+49:36:36.19
957,V285,4,0,0,9,4,0.030685556,+41:25:22.71
958,H126,6,0,0,9,0,0.03069566,+41:58:50.21
959,VDB0,1,0,1,1,3,0.028118137,+40:36:14.92
961,EXT8,1,0,0,8,1,0.036973773,+41:33:24.47
1000,B087,1,0,0,3,1,0.029395833,+41:38:16.36
1001,B175,6,0,6,9,0,0.03020956,+41:14:36.94
1002,B121,6,0,6,9,0,0.029614444,+41:20:21.03
1003,B139,6,0,6,9,6,0.029819491,+41:18:22.15
1004,B142,6,0,6,9,6,0.029852581,+41:21:26.72
1116,NB16,1,0,1,3,1,0.029549699,+41:20:16.41
1117,NB17,1,0,1,8,1,0.029564803,+41:17:31.42
1118,NB18,9,0,9,9,0,0.02971169,+41:18:35.74
1120,B053D,1,0,0,8,0,0.02945544,+41:12:34.70
1121,NB21,1,0,1,3,1,0.02960625,+41:15:58.91
1122,NB22,6,0,6,9,0,0.029471007,+41:19:57.33
1123,NB23,4,0,4,9,4,0.029475428,+41:18:04.35
1124,NB24,6,0,6,9,2,0.029534838,+41:15:45.11
1125,NB25,6,0,6,9,6,0.02962169,+41:13:39.76
1126,NB26,6,0,6,9,0,0.029829745,+41:12:54.00
1127,NB27,6,0,6,9,6,0.029608333,+41:13:36.71
1128,NB28,6,0,6,9,0,0.029596146,+41:17:46.27
1129,NB29,1,0,1,8,2,0.02957522,+41:17:47.18
1130,NB30,6,0,6,9,0,0.029697813,+41:17:53.25
1131,NB31,6,0,6,9,2,0.029457164,+41:17:54.89
1132,NB32,6,0,6,9,0,0.029479398,+41:17:10.00
1133,B054D,6,0,6,9,0,0.029470185,+41:19:04.94
1134,NB34,5,0,5,9,5,0.029843171,+41:14:55.30
1135,NB35,1,0,1,3,1,0.029566563,+41:18:40.37
1136,NB36,6,0,6,9,0,0.029468611,+41:17:34.80
1137,NB37,6,0,6,9,0,0.02954838,+41:16:14.30
1138,NB38,4,0,0,9,0,0.0296,+41:13:28.00
1139,NB39,1,0,1,8,2,0.029728576,+41:15:47.58
1140,NB40,6,0,6,9,0,0.029783333,+41:12:46.40
1141,NB41,1,0,1,8,2,0.029724306,+41:16:00.60
1142,NB42,6,0,6,9,0,0.029709606,+41:17:41.60
1143,NB43,6,0,6,9,6,0.029529699,+41:20:19.92
1144,NB44,6,0,6,9,0,0.029708565,+41:17:56.20
1145,NB45,6,0,6,9,0,0.029739005,+41:13:39.70
1146,NB46,6,0,6,9,6,0.029507454,+41:19:59.38
1147,NB47,6,0,6,9,6,0.02956022,+41:19:28.89
1148,NB48,6,0,6,9,6,0.02953963,+41:19:21.05
1149,NB49,6,0,6,9,0,0.029813194,+41:13:51.10
1150,NB50,6,0,6,9,0,0.029766852,+41:12:55.84
1151,NB51,6,0,6,9,6,0.029526042,+41:13:34.60
1152,NB52,6,0,6,9,0,0.02973044,+41:12:10.15
1153,NB53,6,0,6,9,0,0.029574306,+41:14:50.80
1154,NB54,6,0,6,9,0,0.0295125,+41:13:36.60
1155,NB55,6,0,6,9,0,0.029564734,+41:17:01.89
1156,NB56,6,0,6,9,0,0.029475301,+41:13:48.62
1157,NB57,9,0,9,9,2,0.029585417,+41:13:14.08
1158,NB58,6,0,6,9,0,0.029653507,+41:15:12.68
1159,NB59,6,0,6,9,2,0.029758449,+41:14:36.60
1160,NB60,9,0,9,9,2,0.029475463,+41:18:10.70
1161,NB61,6,0,6,9,6,0.029533519,+41:19:48.05
1162,NB62,6,0,6,8,2,0.029678356,+41:14:23.10
1163,NB63,6,0,6,9,2,0.029528623,+41:20:12.22
1164,NB64,6,0,6,9,6,0.029573993,+41:19:58.83
1165,NB65,6,0,6,9,0,0.02951022,+41:19:53.35
1166,NB66,6,0,6,9,2,0.029463831,+41:19:47.39
1167,NB67,6,0,6,9,0,0.029561829,+41:19:46.37
1168,NB68,6,0,6,9,0,0.029600637,+41:19:18.02
1169,B065D,6,0,6,9,0,0.029611481,+41:18:47.61
1170,NB70,6,0,6,9,0,0.029515197,+41:18:41.73
1171,B120,6,0,6,9,0,0.029594896,+41:18:28.66
1173,NB73,6,0,6,9,0,0.029470718,+41:17:13.50
1174,NB74,6,0,6,9,0,0.029611343,+41:16:46.70
1175,NB75,6,0,6,9,0,0.02955015,+41:16:28.95
1176,NB76,6,0,6,9,0,0.029554086,+41:15:50.21
1177,NB77,6,0,6,9,2,0.029524525,+41:15:38.20
1179,NB79,6,0,6,9,0,0.029477188,+41:15:05.13
1180,NB80,6,0,6,9,0,0.029593519,+41:14:22.50
1181,NB81,6,0,6,9,0,0.029530995,+41:13:37.14
1182,NB82,6,0,6,9,6,0.029534144,+41:13:28.21
1183,NB83,6,0,6,9,0,0.029479282,+41:13:20.67
1184,NB84,6,0,6,9,6,0.029497917,+41:13:15.11
1185,NB85,6,0,6,9,6,0.02951147,+41:13:03.22
1186,NB86,6,0,6,9,6,0.029568912,+41:11:50.68
1187,NB87,6,0,6,9,0,0.029688333,+41:19:01.79
1188,B074D,6,0,6,9,0,0.029719861,+41:14:54.86
1189,NB89,1,0,1,8,1,0.029684942,+41:14:44.21
1190,NB90,6,0,6,9,0,0.029688808,+41:13:30.82
1191,NB91,6,0,6,9,0,0.029624329,+41:13:05.30
1192,NB92,6,0,6,9,0,0.029710347,+41:12:08.43
1193,B080D,6,0,6,9,0,0.029793519,+41:16:14.10
1194,NB94,6,0,6,9,0,0.029739977,+41:15:40.96
1195,NB95,6,0,6,9,0,0.029722801,+41:15:36.79
1196,B075D,6,0,6,9,0,0.029731782,+41:15:13.12
1197,NB97,6,0,6,9,0,0.029811227,+41:14:33.30
1198,NB98,6,0,6,9,0,0.029827894,+41:14:20.40
1199,NB99,6,0,6,9,0,0.029817014,+41:13:27.10
1200,NB100,6,0,6,9,0,0.029828588,+41:13:11.50
1201,NB101,6,0,6,9,0,0.029755683,+41:12:30.86
1202,NB102,6,0,6,9,0,0.029500637,+41:17:50.55
1203,NB103,6,0,6,9,0,0.029791782,+41:15:20.70
1204,NB104,6,0,6,9,0,0.029813773,+41:14:16.65
1205,NB105,6,0,6,9,0,0.029601157,+41:18:26.50
1206,NB106,6,0,6,9,0,0.029842477,+41:14:11.50
1207,NB107,6,0,6,9,2,0.02951706,+41:15:19.80
1208,NB108,2,1,0,9,2,0.029505556,+41:15:15.60
1307,AU007,6,0,6,9,0,0.029732847,+41:16:40.57
1308,AU008,1,0,1,8,2,0.029733356,+41:18:11.26
1310,AU010,1,0,1,3,1,0.029839387,+41:16:52.47
2001,B001D,2,2,0,9,2,0.027709618,+41:23:11.15
2002,B002D,4,0,0,9,4,0.027819711,+41:33:03.82
2003,B003D,6,0,0,9,6,0.028066898,+41:12:23.18
2004,B004D,4,0,4,9,0,0.028081991,+41:13:42.60
2005,B005D,6,0,0,9,6,0.028158137,+41:34:42.28
2006,B006D,1,0,0,1,3,0.028210451,+40:48:45.52
2007,B007D,6,0,0,9,6,0.028212465,+40:48:11.68
2008,B008D,6,0,0,9,6,0.028298912,+40:58:55.68
2009,B009D,2,1,0,9,2,0.028356285,+41:01:39.98
2010,B010D,1,0,0,1,3,0.028368889,+41:15:04.90
2011,B011D,1,0,1,1,3,0.028375417,+40:44:06.11
2012,B012D,1,0,0,1,3,0.028382662,+40:58:41.23
2013,B013D,4,0,0,9,4,0.028440093,+41:27:23.99
2014,B014D,1,0,1,1,3,0.028484363,+41:06:32.79
2015,B015D,1,0,0,1,3,0.028503808,+41:06:36.24
2016,B016D,2,6,0,9,2,0.028556412,+40:50:13.12
2017,B017D,1,0,0,3,1,0.028588079,+40:58:10.65
2018,B018D,6,0,0,9,6,0.028639653,+41:45:15.89
2019,B019D,1,0,1,2,2,0.028658912,+41:05:07.84
2021,B021D,6,0,6,9,0,0.028770544,+41:10:19.14
2022,B022D,3,0,0,9,2,0.02881956,+41:17:19.33
2023,B023D,4,0,0,9,4,0.028861424,+41:21:32.38
2024,B024D,2,4,0,9,2,0.028865475,+41:01:24.70
2025,B025D,4,0,0,9,4,0.028869005,+41:01:05.93
2026,B026D,4,0,0,9,4,0.028869907,+41:00:49.73
2027,B027D,6,0,0,9,0,0.028900833,+41:45:27.48
2029,B029D,6,0,0,9,6,0.028917581,+41:43:13.38
2030,B030D,6,0,6,9,6,0.028952164,+41:03:07.98
2032,B032D,1,0,0,1,3,0.029004236,+41:13:01.43
2033,B033D,6,0,0,9,6,0.029026505,+41:04:00.19
2034,B034D,6,0,6,9,0,0.029052454,+40:51:46.89
2035,B035D,1,0,0,1,3,0.029056273,+41:20:03.26
2036,B036D,6,0,0,9,0,0.029151528,+41:45:05.19
2037,B037D,6,0,0,9,2,0.029156192,+41:21:58.00
2038,B038D,2,1,0,9,2,0.029171586,+41:12:14.22
2039,B039D,6,0,6,9,6,0.029189387,+40:47:48.63
2040,B040D,1,0,0,1,3,0.029216366,+41:18:07.33
2041,B041D,1,0,0,3,1,0.029221296,+41:16:47.34
2042,B042D,4,0,0,9,4,0.029237037,+41:02:47.73
2043,B043D,4,0,0,9,4,0.029242824,+41:18:06.23
2044,B044D,4,0,0,9,4,0.02924897,+41:00:16.55
2045,B045D,1,0,0,3,1,0.029280995,+41:21:14.52
2046,B046D,6,0,6,9,6,0.029287801,+41:15:51.51
2047,B047D,6,0,6,9,0,0.029297662,+41:29:54.20
2048,B048D,6,0,6,9,2,0.029312025,+40:48:37.83
2049,B049D,6,0,6,9,6,0.029353947,+41:08:09.17
2050,B050D,6,0,6,9,6,0.02936706,+41:07:41.03
2051,B051D,1,0,0,9,1,0.029404502,+41:04:37.91
2052,B052D,6,0,0,9,6,0.029408472,+41:04:35.69
2055,B055D,6,0,6,9,6,0.029483194,+40:49:29.16
2056,B056D,1,0,1,8,1,0.029495,+41:34:27.16
2057,B057D,6,0,6,9,6,0.029522292,+41:20:51.55
2058,B058D,6,0,6,9,0,0.029524236,+41:22:36.29
2059,B059D,6,0,6,9,0,0.029524745,+40:54:17.93
2060,B060D,6,0,6,9,6,0.029535637,+41:20:42.61
2061,B061D,1,0,1,1,3,0.029543449,+41:21:41.89
2062,B062D,4,0,4,9,4,0.029560255,+40:54:15.17
2063,B063D,6,0,0,9,6,0.02957184,+40:48:39.23
2064,B064D,1,0,1,3,1,0.029577917,+41:14:34.22
2066,B066D,4,0,0,9,4,0.029612303,+40:49:48.60
2067,B067D,1,0,1,1,3,0.029617975,+41:36:43.32
2068,B068D,1,0,1,3,2,0.029628472,+41:20:39.92
2069,B069D,6,0,6,9,6,0.029634757,+41:21:44.24
2070,B070D,6,0,6,9,6,0.029672662,+41:21:22.20
2071,B071D,6,0,6,9,6,0.02969125,+41:21:43.20
2072,B072D,1,0,3,3,1,0.029696644,+41:27:27.00
2073,B073D,6,0,6,9,0,0.029701759,+40:48:35.90
2076,B076D,6,0,6,9,6,0.029738495,+40:52:51.42
2077,B077D,6,0,6,9,0,0.029748958,+40:50:49.50
2078,B078D,1,0,0,3,1,0.02976691,+41:22:05.31
2079,B079D,6,0,6,9,6,0.029790833,+40:46:44.03
2081,B081D,3,0,6,1,3,0.029805243,+41:03:07.06
2082,B082D,6,0,6,9,6,0.029809606,+41:20:29.69
2083,B083D,6,0,6,9,0,0.029806632,+41:02:11.37
2084,B084D,6,0,6,9,0,0.029820718,+41:18:12.30
2085,B085D,6,0,6,9,0,0.029821863,+40:52:13.23
2086,B086D,6,0,6,9,0,0.029824201,+40:51:21.85
2087,B087D,1,0,1,3,1,0.029848715,+41:09:08.83
2088,B088D,1,0,1,8,2,0.029853912,+41:04:17.37
2089,B089D,1,0,0,1,0,0.029876852,+41:26:24.00
2090,B090D,1,0,1,3,1,0.029874954,+41:16:10.19
2091,B091D,1,0,1,3,1,0.029877847,+41:30:17.15
2092,B092D,1,0,1,3,2,0.029880116,+41:13:09.11
2093,B093D,6,0,6,9,0,0.029882998,+40:49:54.75
2094,B094D,6,0,6,9,0,0.029925498,+41:11:49.02
2095,B095D,1,0,0,1,3,0.030023611,+41:08:44.86
2096,B096D,6,0,6,9,6,0.030049977,+41:37:30.45
2097,B097D,1,0,0,1,3,0.030054363,+41:06:33.46
2098,B098D,1,0,1,1,3,0.0300625,+41:31:30.01
2099,B099D,4,0,4,9,0,0.030263958,+40:55:42.23
2100,B100D,6,0,0,9,6,0.030271308,+40:53:19.18
2101,B101D,4,0,0,9,4,0.030338611,+40:54:45.66
2102,B102D,2,6,0,9,2,0.030380972,+41:20:27.53
2104,B104D,1,0,1,9,2,0.030429491,+41:14:16.14
2105,B105D,6,0,0,9,6,0.030463079,+41:15:50.22
2106,B106D,1,0,1,1,3,0.030491296,+41:15:13.72
2107,B107D,6,0,6,9,6,0.030513669,+41:42:55.55
2108,B108D,1,0,0,1,3,0.030522558,+41:45:32.26
2109,B109D,6,0,0,9,0,0.030543657,+40:42:17.09
2110,B110D,1,0,1,3,1,0.030545637,+41:36:41.40
2111,B111D,1,0,1,1,3,0.030612222,+41:39:05.68
2112,B112D,1,0,1,3,3,0.030801331,+41:19:09.87
2113,B113D,4,0,0,9,4,0.030821273,+40:46:27.09
2114,B114D,6,0,6,9,0,0.030851389,+41:44:14.80
2115,B115D,1,0,1,8,2,0.030862442,+41:38:57.36
2116,B116D,6,0,0,9,6,0.030927836,+40:48:16.45
2117,B117D,6,0,0,9,6,0.03093184,+40:45:52.27
2118,B118D,1,0,1,1,3,0.031014688,+41:24:28.24
2119,B119D,6,0,0,9,6,0.031104803,+41:24:09.49
2120,B120D,4,0,0,9,4,0.031113924,+41:16:17.04
2121,B121D,6,0,0,9,6,0.031185579,+41:09:28.72
2122,B122D,4,0,0,9,4,0.031192859,+41:16:15.83
2123,B123D,6,0,6,9,6,0.031198657,+41:12:50.18
2124,B124D,4,0,0,9,4,0.031304491,+41:08:55.16
2125,B125D,6,0,6,9,4,0.031342963,+40:51:40.01
2126,B126D,6,0,0,9,0,0.031431759,+41:10:12.06
2127,B127D,6,0,0,9,6,0.031445914,+41:24:41.29
2128,B128D,4,0,0,9,4,0.031520729,+41:21:27.63
2129,B129D,4,0,0,9,4,0.031573021,+40:48:03.38
2130,B130D,4,0,0,9,4,0.031586123,+41:20:37.95
2131,B131D,6,0,0,9,6,0.031593218,+41:22:46.52
2132,B132D,6,6,0,9,6,0.031661921,+41:18:12.59
2133,B133D,2,2,0,9,2,0.023738356,+39:50:50.27
2134,B134D,2,4,0,9,2,0.024656227,+40:44:24.84
2135,B135D,6,0,0,9,6,0.024680475,+41:19:47.54
2137,B137D,6,0,0,9,6,0.025242222,+40:56:00.06
2138,B138D,4,0,0,9,4,0.025250775,+41:28:33.14
2139,B139D,2,2,0,9,2,0.025285637,+39:45:07.43
2140,B140D,4,0,0,9,4,0.025356273,+41:21:52.81
2141,B141D,4,0,0,9,4,0.025358738,+41:28:38.58
2142,B142D,2,4,0,9,2,0.025391563,+41:09:07.96
2143,B143D,4,0,4,9,0,0.025413021,+40:28:15.26
2144,B144D,2,2,0,9,2,0.025424155,+41:37:03.65
2146,B146D,4,0,0,9,4,0.025491007,+41:38:19.92
2147,B147D,4,0,0,9,0,0.025514363,+41:08:26.65
2148,B148D,4,0,0,9,0,0.025580706,+41:07:10.72
2149,B149D,4,0,0,9,4,0.025648646,+40:08:52.16
2150,B150D,1,0,1,8,2,0.025693484,+41:25:30.18
2151,B151D,4,0,0,9,0,0.025720671,+39:48:05.08
2152,B152D,4,0,0,9,0,0.02576522,+42:25:41.17
2154,B154D,4,0,0,9,0,0.025933345,+42:18:49.49
2155,B155D,4,0,0,9,0,0.025993322,+40:04:54.20
2156,B156D,4,0,0,9,4,0.025999097,+41:19:02.29
2157,B157D,2,4,0,9,2,0.026102674,+40:57:52.35
2158,B158D,4,0,0,9,0,0.026119433,+39:50:11.05
2159,B159D,4,0,0,9,0,0.026227789,+40:05:12.71
2160,B160D,4,0,0,9,0,0.026280069,+40:10:39.82
2161,B161D,4,0,0,9,4,0.026288843,+40:10:06.36
2162,B162D,4,0,0,9,4,0.026313565,+40:03:38.26
2163,B163D,4,0,4,9,4,0.02633294,+39:53:54.07
2164,B164D,6,0,0,9,6,0.026358426,+40:32:19.83
2165,B165D,2,4,0,9,4,0.026439954,+40:55:32.13
2166,B166D,4,0,0,9,4,0.026546609,+40:51:26.61
2167,B167D,1,0,1,3,1,0.026649074,+41:54:35.06
2168,B168D,4,0,0,9,0,0.026678576,+39:40:51.31
2169,B169D,4,0,0,9,4,0.026683542,+39:52:07.04
2170,B170D,4,0,0,9,4,0.026714502,+39:44:05.95
2171,B171D,4,0,0,9,4,0.026821863,+40:39:18.97
2172,B172D,6,0,0,9,6,0.026877697,+40:12:12.06
2173,B173D,4,0,0,9,4,0.026895104,+40:41:46.74
2174,B174D,4,0,4,9,4,0.026942315,+40:41:05.61
2175,B175D,4,0,4,9,0,0.026949375,+40:04:32.40
2176,B176D,6,0,0,9,6,0.027004074,+41:29:03.02
2177,B177D,6,0,0,9,6,0.027038634,+40:03:14.76
2178,B178D,6,0,0,9,6,0.027327303,+41:26:52.54
2179,B179D,6,0,0,9,6,0.027377523,+41:27:24.78
2180,B180D,3,0,4,9,0,0.027391412,+41:54:15.17
2181,B181D,1,0,0,3,1,0.027440428,+41:28:26.46
2182,B182D,6,0,0,9,6,0.027447951,+41:27:35.57
2183,B183D,6,0,0,9,6,0.027573495,+40:40:31.69
2184,B184D,4,0,0,9,4,0.027647998,+42:23:12.04
2185,B185D,6,0,6,9,6,0.027778356,+40:34:22.92
2186,B186D,2,4,0,9,2,0.027803912,+39:23:12.11
2187,B187D,4,0,4,9,0,0.027843032,+41:34:39.53
2188,B188D,2,4,0,9,2,0.027940255,+39:41:30.82
2191,B191D,2,4,0,9,2,0.027984873,+42:25:23.98
2192,B192D,4,0,4,9,4,0.028063912,+40:37:49.84
2194,B194D,4,0,0,9,4,0.028085602,+39:58:50.39
2196,B196D,1,0,0,1,3,0.028180498,+40:26:37.29
2197,B197D,4,0,0,9,4,0.028253137,+39:58:31.16
2198,B198D,2,1,0,9,2,0.028373356,+40:33:27.86
2199,B199D,4,0,0,9,4,0.028512975,+40:29:53.30
2200,B200D,1,0,0,1,3,0.028551551,+40:34:28.78
2201,B201D,1,0,0,1,3,0.028568079,+40:32:52.02
2202,B202D,4,0,4,9,0,0.028635174,+40:06:16.05
2203,B203D,6,0,6,9,6,0.028773137,+40:35:18.73
2204,B204D,4,0,0,9,4,0.02886022,+42:20:36.30
2205,B205D,4,0,0,9,4,0.02891294,+40:34:10.30
2206,B206D,1,0,0,1,3,0.02894191,+40:50:06.82
2207,B207D,4,0,0,9,4,0.028992569,+40:16:06.80
2208,B208D,4,0,0,9,4,0.029032789,+40:13:06.59
2209,B209D,6,0,0,9,6,0.029439259,+42:13:54.27
2210,B210D,6,0,0,9,6,0.02950816,+39:52:52.58
2211,B211D,6,0,0,9,6,0.029614699,+40:02:10.63
2212,B212D,6,0,0,9,6,0.029645694,+40:18:54.13
2213,B213D,6,0,0,9,0,0.029663137,+42:16:07.00
2214,B214D,6,0,0,9,6,0.029670116,+42:22:03.04
2215,B215D,6,0,6,9,6,0.029667697,+41:12:02.72
2216,B216D,6,0,0,9,6,0.029705278,+41:51:43.84
2217,B217D,6,0,0,9,0,0.029838565,+41:54:49.71
2218,B218D,6,0,0,9,6,0.029853808,+42:06:46.21
2219,B219D,6,0,0,9,6,0.029862361,+42:14:02.03
2220,B220D,6,0,0,9,6,0.02991191,+39:50:05.30
2221,B221D,6,0,0,9,0,0.029928715,+42:18:55.66
2222,B222D,4,0,0,9,4,0.029952523,+40:17:37.30
2223,B223D,4,0,0,9,4,0.029971736,+42:24:59.29
2224,B224D,6,0,0,9,6,0.030024618,+42:14:00.59
2225,B225D,2,1,0,9,2,0.030016644,+40:01:14.38
2226,B226D,6,0,0,9,0,0.030033345,+41:58:42.93
2227,B227D,4,0,4,9,0,0.030038183,+40:15:42.98
2228,B228D,4,0,0,9,4,0.030080972,+40:24:12.63
2229,B229D,6,0,6,9,0,0.030111875,+39:49:39.05
2230,B230D,4,0,4,9,0,0.030145394,+40:24:51.81
2231,B231D,6,0,0,9,6,0.030253646,+42:17:26.60
2232,B232D,6,0,0,9,6,0.030281678,+40:38:53.76
2233,B233D,2,4,0,9,2,0.030339248,+39:36:45.96
2234,B234D,4,0,4,9,0,0.030347419,+39:46:28.69
2235,B235D,6,0,6,9,6,0.030425787,+41:51:25.51
2236,B236D,6,0,0,9,6,0.030432245,+39:54:35.96
2237,B237D,6,0,0,9,0,0.030524456,+41:59:55.50
2238,B238D,6,0,0,9,6,0.030555799,+41:51:46.11
2239,B239D,6,0,0,9,6,0.030579271,+42:18:18.25
2240,B240D,1,0,1,1,3,0.030635174,+41:40:27.98
2241,B241D,6,0,0,9,6,0.030696042,+42:00:47.27
2242,B242D,6,0,6,9,0,0.030709236,+39:48:52.97
2243,B243D,6,0,0,9,0,0.030764502,+41:52:08.92
2244,B244D,4,0,0,9,4,0.030777465,+42:25:10.88
2245,B245D,6,0,0,9,6,0.03079206,+41:47:31.01
2246,B246D,2,0,0,9,0,0.030826748,+42:04:29.11
2247,B247D,4,0,0,9,4,0.030912222,+40:05:54.95
2248,B248D,6,0,0,9,6,0.031025475,+41:40:43.11
2249,B249D,4,0,0,9,4,0.031049167,+39:46:06.01
2250,B250D,4,0,0,9,4,0.031064282,+42:07:30.14
2251,B251D,6,0,0,9,6,0.031058113,+39:59:31.74
2252,B252D,6,0,6,9,6,0.031068843,+42:10:07.50
2253,B253D,6,0,0,9,6,0.031091076,+40:36:44.92
2254,B254D,6,0,6,9,0,0.031104028,+41:51:56.93
2255,B255D,1,0,1,8,1,0.031117211,+42:06:12.92
2256,B256D,1,0,1,1,3,0.031234942,+41:54:36.70
2257,B257D,1,0,1,8,3,0.03124419,+41:54:46.83
2258,B258D,6,0,6,9,6,0.031357569,+42:02:39.31
2259,B259D,6,0,0,9,6,0.031352778,+40:17:02.17
2260,B260D,6,0,0,9,0,0.031377118,+41:40:23.17
2261,B261D,6,0,0,9,6,0.031448588,+42:10:57.48
2262,B262D,6,0,6,9,6,0.031481007,+41:19:11.55
2263,B263D,4,0,0,9,4,0.031507234,+42:20:56.60
2264,B264D,4,0,0,9,4,0.03151059,+39:38:59.31
2265,B265D,6,0,6,9,6,0.031556933,+40:39:07.42
2266,B266D,4,0,0,9,4,0.031587407,+40:05:49.35
2267,B267D,2,6,0,9,2,0.031665162,+40:35:34.60
2268,B268D,4,0,0,9,4,0.031760787,+41:40:06.17
2269,B269D,4,0,0,9,4,0.031785394,+39:49:32.49
2270,B270D,2,6,0,9,2,0.031819653,+41:01:49.23
2271,B271D,4,0,4,9,4,0.031849583,+40:30:15.67
2272,B272D,6,0,0,9,6,0.031882465,+40:17:08.97
2273,B273D,4,0,0,9,4,0.031937234,+40:36:40.02
2274,B274D,4,0,0,9,4,0.031937454,+40:38:08.18
2275,B275D,6,0,6,9,0,0.032026169,+41:38:18.85
2276,B276D,2,6,0,9,2,0.032063993,+40:50:32.32
2277,B277D,4,0,0,9,4,0.032061551,+40:02:53.37
2278,B278D,6,0,6,9,6,0.032093414,+42:10:34.06
2279,B279D,6,0,0,9,6,0.032188275,+40:51:10.43
2280,B280D,6,0,0,9,6,0.032203576,+40:40:23.56
2281,B281D,2,6,0,9,2,0.032202303,+40:18:08.00
2282,B282D,6,0,0,9,6,0.032246806,+40:50:26.78
2283,B283D,6,0,0,9,2,0.03227522,+41:53:05.17
2284,B284D,4,0,0,9,4,0.032282222,+41:02:57.10
2285,B285D,4,0,0,9,0,0.032283148,+41:03:46.45
2286,B286D,6,0,0,9,6,0.032287002,+40:33:17.47
2287,B287D,6,0,0,9,6,0.032287396,+40:33:22.31
2288,B288D,6,0,6,9,6,0.032300463,+41:58:19.72
2289,B289D,6,0,6,9,6,0.032392639,+42:16:24.17
2290,B290D,4,0,0,9,4,0.032393275,+39:27:01.80
2291,B291D,2,6,0,9,2,0.032422106,+40:03:02.00
2292,B292D,6,0,0,9,6,0.032473102,+42:21:15.47
2293,B293D,2,6,0,9,2,0.032501123,+40:02:21.72
2294,B294D,6,0,0,9,6,0.032535787,+40:01:43.67
2295,B295D,4,0,0,9,0,0.032548264,+41:15:09.12
2296,B296D,6,0,0,9,6,0.032566794,+40:49:39.14
2297,B297D,4,0,4,9,4,0.0325889,+42:19:44.97
2298,B298D,4,0,0,9,4,0.032633206,+40:19:51.58
2299,B299D,4,0,0,9,4,0.032642396,+40:59:37.81
2300,B300D,4,0,0,9,4,0.032642905,+40:40:36.85
2301,B301D,4,0,0,9,4,0.032663056,+39:22:43.14
2302,B302D,6,0,0,9,6,0.032691088,+40:01:36.91
2303,B303D,4,0,0,9,4,0.032691169,+39:42:01.16
2304,B304D,4,0,0,9,4,0.032713877,+41:35:44.28
2305,B305D,4,0,0,9,4,0.032734329,+39:48:18.25
2306,B306D,4,0,0,9,4,0.03280647,+39:45:14.45
2307,B307D,4,0,0,9,4,0.032877188,+39:44:13.97
2308,B308D,6,0,6,9,6,0.032911586,+41:45:44.93
2309,B309D,6,0,0,9,6,0.03291515,+40:19:31.88
2310,B310D,4,0,0,9,4,0.032950162,+40:54:21.77
2312,B312D,4,0,0,9,4,0.032980023,+40:02:14.64
2313,B313D,6,0,0,9,6,0.032997905,+40:27:07.80
2314,B314D,4,0,0,9,4,0.033005637,+40:53:11.14
2315,B315D,4,0,0,9,4,0.033023588,+39:56:45.86
2316,B316D,6,0,6,9,0,0.033044155,+40:26:27.09
2317,B317D,4,0,0,9,4,0.033056505,+40:22:30.33
2318,B318D,6,0,6,9,0,0.033076644,+40:25:27.36
2319,B319D,6,0,0,9,6,0.033091412,+40:25:04.39
2320,B320D,4,0,0,9,4,0.033118495,+42:04:14.07
2321,B321D,4,0,0,9,4,0.033164965,+41:15:27.74
2322,B322D,4,0,0,9,4,0.033167789,+39:44:41.75
2323,B323D,6,0,0,9,6,0.033221875,+40:07:40.94
2324,B324D,6,0,0,9,6,0.033267245,+41:45:32.94
2325,B325D,4,0,4,9,0,0.033302315,+42:07:02.28
2326,B326D,4,0,4,9,4,0.033438461,+39:30:02.46
2327,B327D,4,0,0,9,4,0.033458299,+41:32:26.61
2328,B328D,4,0,4,9,0,0.033526447,+40:21:50.82
2329,B329D,4,0,0,9,0,0.033557975,+42:08:26.77
2330,B330D,6,0,0,9,0,0.033645359,+41:38:07.54
2331,B331D,4,0,0,9,4,0.033671794,+41:35:10.10
2332,B332D,4,0,4,9,4,0.033672882,+41:38:10.92
2333,B333D,4,0,4,9,4,0.033753773,+41:20:42.10
2334,B334D,2,4,0,9,2,0.033968148,+39:35:56.07
2335,B335D,4,0,4,9,0,0.034042315,+42:15:39.07
2336,B336D,6,0,0,9,6,0.034141308,+41:17:23.38
2337,B337D,1,0,0,3,1,0.034157512,+41:07:21.06
2338,B338D,2,4,0,9,2,0.034210243,+40:46:23.47
2339,B339D,2,4,0,9,2,0.034230243,+40:45:06.58
2340,B340D,2,2,0,9,2,0.03436544,+41:04:32.10
2341,B341D,4,0,0,9,4,0.034398275,+41:39:00.75
2342,B342D,4,0,4,9,0,0.034444537,+42:16:19.42
2343,B343D,4,0,4,9,4,0.034596366,+41:56:49.88
2344,B344D,1,0,1,0,2,0.034630347,+41:36:38.86
2345,B345D,2,4,0,9,4,0.034636042,+40:53:10.10
2346,B346D,2,4,0,9,2,0.034765625,+40:37:39.28
2347,B347D,4,0,4,9,4,0.034881968,+40:56:24.28
2348,B348D,2,4,0,9,2,0.034944664,+40:58:02.78
2349,B349D,4,0,4,9,4,0.035092604,+41:13:20.34
2350,B350D,4,0,0,9,4,0.035287662,+42:21:43.98
2501,DAO1,4,0,4,9,0,0.024524259,+40:09:11.10
2502,DAO2,4,0,4,9,0,0.024683079,+40:22:45.01
2503,DAO3,4,0,4,9,0,0.024908727,+40:21:00.61
2504,DAO4,4,0,4,9,0,0.025101875,+39:58:08.64
2511,DAO11,4,0,4,9,4,0.026032164,+39:57:01.22
2512,DAO12,4,0,0,9,0,0.026152176,+39:46:30.89
2516,DAO16,6,0,0,9,6,0.026357361,+40:24:50.08
2522,DAO22,4,0,4,9,0,0.027011227,+39:51:30.55
2523,DAO23,6,0,0,9,2,0.027017778,+40:26:46.43
2525,DAO25,4,0,0,9,4,0.027237442,+40:07:31.80
2527,DAO27,5,0,0,9,0,0.02727397,+40:41:04.71
2530,DAO30,1,0,0,1,3,0.027671169,+40:18:14.73
2532,DAO32,6,0,6,9,6,0.028002141,+40:32:43.05
2538,DAO38,1,0,1,3,1,0.02832169,+40:40:58.01
2540,DAO40,5,0,5,9,5,0.028379375,+40:36:03.33
2546,DAO46,4,0,0,9,4,0.028738171,+40:28:33.78
2547,DAO47,1,0,0,1,3,0.028813449,+40:45:16.93
2551,DAO51,4,0,0,9,4,0.029127037,+40:22:59.07
2552,DAO52,6,0,6,9,6,0.029268553,+40:50:52.66
2553,DAO53,4,0,0,9,4,0.029281007,+40:38:04.06
2554,DAO54,4,0,0,9,4,0.02929375,+40:18:55.62
2555,DAO55,1,0,0,3,1,0.02965875,+40:29:26.86
2560,DAO60,6,0,6,9,0,0.030143264,+41:45:54.85
2562,DAO62,6,0,0,9,6,0.030174167,+40:47:26.58
2567,DAO67,5,0,0,9,0,0.030674074,+41:58:51.10
2569,DAO69,1,0,1,1,3,0.030958333,+41:53:27.24
2581,DAO81,4,0,0,9,0,0.031598218,+42:14:18.98
2583,DAO83,2,6,0,9,2,0.031826887,+41:48:18.11
2584,DAO84,3,0,0,9,3,0.031855637,+41:42:48.95
2586,DAO86,4,0,0,9,0,0.032009236,+42:29:39.08
2587,DAO87,4,0,0,9,0,0.032195498,+42:34:19.91
2588,DAO88,5,0,0,9,5,0.03243022,+42:15:45.69
2589,DAO89,4,0,0,9,4,0.032481088,+42:48:30.96
2591,DAO91,4,0,0,9,4,0.032926771,+42:39:44.42
2592,DAO92,4,0,0,9,4,0.03307463,+42:47:54.57
2593,DAO93,2,4,0,9,2,0.033173356,+41:44:55.88
2594,DAO94,2,6,0,9,2,0.033268507,+42:44:01.58
2596,DAO96,4,0,4,9,0,0.0334364,+42:57:42.97
2597,DAO97,4,0,4,9,0,0.033438345,+42:55:19.24
2598,DAO98,4,0,0,9,4,0.033670914,+42:18:41.63
2599,DAO99,2,4,0,9,4,0.033892477,+42:32:44.96
2601,DAO101,4,0,0,9,4,0.034102917,+42:30:33.47
2602,DAO102,4,0,4,9,0,0.034189514,+42:53:07.52
2604,DAO104,2,6,0,9,2,0.034274699,+42:16:16.29
2605,DAO105,4,0,4,9,0,0.034437905,+42:50:56.74
2607,DAO107,4,0,4,9,0,0.034506319,+42:45:31.34
2714,V014,1,0,0,1,3,0.028632083,+40:33:57.85
2731,V031,1,0,1,1,3,0.028613889,+41:05:28.79
2734,V034,5,0,0,9,5,0.028821447,+41:05:01.90
2829,V129,3,0,0,9,1,0.031767338,+41:51:59.44
2833,V133,1,0,0,1,3,0.031371748,+42:00:12.02
2902,V202,1,0,0,1,3,0.028330729,+40:55:34.74
2903,V203,6,0,0,9,0,0.028338738,+40:59:11.57
2911,V211,6,0,6,9,0,0.028495139,+41:02:55.07
2912,V212,6,0,6,9,0,0.02844919,+41:03:27.70
2926,V226,5,0,0,9,5,0.028642894,+41:09:23.10
2929,V229,9,0,0,9,2,0.029566435,+40:55:44.10
2934,V234,3,0,1,0,6,0.029512222,+41:05:51.22
2945,V245,5,0,0,9,5,0.029012975,+41:18:46.79
2954,V254,5,0,0,9,5,0.030264583,+41:09:55.20
2970,V270,5,0,0,9,5,0.02965728,+41:31:54.55
2972,V272,6,0,6,9,6,0.03000691,+41:28:10.53
2998,V298,6,0,6,9,0,0.031200613,+41:29:19.37
3000,V300,5,0,0,9,5,0.031257639,+41:28:36.20
3010,BA10,2,1,0,9,2,0.033290139,+42:28:43.37
3011,BA11,1,0,4,3,1,0.033861007,+42:23:37.72
3021,BA21,4,0,0,9,0,0.024234167,+39:49:40.59
3022,BA22,2,4,0,9,2,0.024463056,+39:45:37.16
3028,BA28,2,1,0,9,2,0.03280353,+42:21:42.64
3101,SH01,4,0,0,9,0,0.022702986,+40:01:42.42
3105,SH05,9,0,0,9,2,0.027027894,+41:10:28.83
3106,SH06,2,5,0,9,2,0.027303819,+40:21:58.00
3107,SH07,2,4,0,9,2,0.027516308,+42:09:56.30
3114,SH14,2,6,0,9,2,0.030795625,+41:55:06.86
3120,SH20,2,4,0,9,2,0.03225985,+41:02:51.17
3121,SH21,2,6,0,9,2,0.03237625,+39:23:57.85
3124,SH24,2,6,0,9,2,0.033513252,+42:25:17.12
3125,SH25,2,4,0,9,2,0.036158032,+41:35:05.85
3501,M001,1,0,0,1,3,0.03038294,+41:18:12.01
3503,M003,1,0,1,1,3,0.030489954,+41:14:11.07
3504,M004,6,0,0,9,6,0.030530023,+41:13:52.68
3505,M005,1,0,0,1,3,0.030532419,+41:21:33.59
3509,M009,1,0,0,3,1,0.030565104,+41:17:12.11
3512,M012,1,0,0,3,2,0.030588356,+41:21:40.31
3516,M016,1,0,0,1,3,0.030648669,+41:23:54.21
3519,M019,3,0,0,3,6,0.030690683,+41:23:54.38
3520,M020,1,0,0,1,3,0.030716968,+41:22:18.77
3523,M023,1,0,1,1,3,0.03077456,+41:21:09.59
3525,M025,1,0,0,1,3,0.030783252,+41:24:08.93
3526,M026,3,0,0,8,6,0.030789271,+41:27:20.12
3528,M028,1,0,1,9,6,0.030810637,+41:33:39.82
3531,M031,1,0,1,1,3,0.03083647,+41:33:58.14
3539,M039,1,0,1,1,3,0.030918356,+41:30:04.64
3540,M040,1,0,0,3,3,0.03092022,+41:27:55.35
3542,M042,1,0,0,1,3,0.030948692,+41:21:02.92
3543,M043,1,0,0,3,3,0.030953056,+41:23:11.65
3544,M044,6,0,0,9,6,0.030954144,+41:24:09.25
3545,M045,1,0,1,3,3,0.030976563,+41:35:33.11
3546,M046,1,0,1,8,2,0.030979942,+41:27:14.08
3547,M047,1,0,1,3,2,0.030993252,+41:28:52.15
3550,M050,1,0,1,1,3,0.031026331,+41:30:06.52
3552,M052,6,0,0,9,6,0.031205799,+41:41:35.79
3553,M053,1,0,0,3,2,0.031218692,+41:48:02.03
3554,M054,6,0,0,9,6,0.031240336,+41:42:25.63
3555,M055,1,0,1,8,2,0.031245417,+41:33:39.11
3556,M056,3,0,1,8,6,0.031268056,+41:39:04.41
3557,M057,1,0,0,3,3,0.031281944,+41:47:02.26
3558,M058,3,0,1,3,6,0.031288808,+41:40:04.91
3559,M059,1,0,0,1,3,0.031297106,+41:46:20.71
3560,M060,6,0,0,9,6,0.031329225,+41:38:57.88
3562,M062,1,0,0,1,3,0.031338472,+41:45:30.84
3565,M065,2,1,0,9,2,0.031365394,+41:42:23.47
3568,M068,3,0,6,1,3,0.031377245,+41:38:56.28
3569,M069,1,0,1,1,3,0.03138044,+41:49:19.69
3570,M070,1,0,1,3,2,0.031386481,+41:40:19.82
3571,M071,6,0,0,9,6,0.03140956,+41:42:34.02
3572,M072,1,0,0,1,3,0.031409838,+41:42:26.40
3573,M073,1,0,0,1,3,0.031425081,+41:47:32.02
3575,M075,2,2,0,0,0,0.031433032,+41:44:49.41
3576,M076,1,0,0,1,3,0.031436412,+41:43:22.08
3577,M077,5,0,5,9,5,0.031451806,+41:39:32.96
3578,M078,1,0,0,1,3,0.031455579,+41:41:52.48
3579,M079,1,0,0,1,3,0.031456053,+41:40:57.94
3580,M080,1,0,1,1,3,0.031476887,+41:48:30.31
3581,M081,1,0,0,3,3,0.031507801,+41:47:56.87
3582,M082,1,0,0,1,3,0.031553634,+41:45:52.08
3583,M083,6,0,0,9,6,0.031561725,+41:45:43.89
3585,M085,1,0,0,1,3,0.031574225,+41:42:03.64
3586,M086,1,0,1,1,3,0.031579722,+41:49:29.58
3587,M087,1,0,0,1,3,0.031620972,+41:49:32.03
3588,M088,2,1,0,9,6,0.031625914,+41:43:33.54
3589,M089,1,0,0,1,3,0.03162662,+41:43:31.16
3590,M090,6,0,0,9,6,0.031631609,+41:48:23.01
3591,M091,1,0,1,1,3,0.031633113,+41:42:19.20
3592,M092,1,0,0,1,3,0.031661782,+41:45:18.07
3593,M093,1,0,0,2,3,0.03168353,+41:40:11.25
3594,M094,6,0,0,9,6,0.031709965,+41:46:34.39
3595,M095,2,1,0,9,2,0.031711412,+41:44:41.65
3601,M101,1,0,0,1,3,0.031785613,+41:48:20.89
3602,M102,5,0,0,9,5,0.031791215,+41:45:22.43
3604,M104,1,0,0,1,3,0.031814977,+41:48:20.16
3605,M105,1,0,0,3,3,0.031825139,+41:39:26.24
3701,BH01,2,0,0,9,2,0.023743981,+39:23:59.10
3702,BH02,2,1,0,9,2,0.027896863,+40:36:26.20
3703,BH03,1,0,1,8,2,0.028039699,+41:40:44.39
3704,BH04,1,0,1,3,2,0.028093356,+41:42:24.72
3705,BH05,1,0,1,1,3,0.028130903,+40:45:29.22
3706,BH06,1,0,1,8,2,0.028132269,+40:44:54.38
3707,BH07,4,0,4,9,4,0.028135058,+41:26:26.39
3708,BH08,6,0,6,9,6,0.028176238,+41:39:04.29
3709,BH09,1,0,1,3,3,0.028207801,+40:33:21.46
3710,BH10,1,0,0,1,3,0.028296991,+40:53:07.94
3711,BH11,1,0,1,3,2,0.028366192,+40:40:38.28
3712,BH12,1,0,1,1,3,0.028505775,+40:34:58.33
3713,BH13,2,1,0,9,2,0.02900147,+41:33:25.25
3714,BH14,5,0,5,9,5,0.029171505,+40:47:46.57
3715,BH15,4,0,4,9,4,0.029485729,+40:33:30.10
3716,BH16,1,0,1,9,2,0.029700116,+41:17:35.99
3717,BH17,1,0,1,8,2,0.02975522,+40:58:41.41
3718,BH18,1,0,1,3,1,0.029753669,+41:10:33.46
3719,BH19,4,0,4,9,4,0.029827384,+40:49:16.68
3720,BH20,6,0,6,9,0,0.02983831,+40:56:45.24
3721,BH21,6,0,6,9,6,0.029875961,+40:54:17.49
3722,BH22,4,0,0,9,4,0.029910532,+40:51:30.17
3723,BH23,1,0,1,8,2,0.029904664,+41:20:27.98
3724,BH24,4,0,0,9,4,0.029997616,+40:53:02.77
3725,BH25,1,0,1,8,2,0.03,+41:02:48.82
3726,BH26,6,0,6,9,6,0.030830775,+41:45:02.75
3727,BH27,6,0,6,9,6,0.030847998,+41:45:29.59
3728,BH28,1,0,1,8,2,0.031007778,+41:44:26.16
3729,BH29,1,0,1,8,2,0.031681968,+41:36:45.27
3730,BH30,3,0,1,8,6,0.031675255,+41:43:34.61
3731,BH31,6,0,6,9,6,0.032196354,+42:06:31.02
3732,BH32,1,0,1,8,2,0.032217222,+42:00:58.20
4001,B514,1,0,1,0,0,0.021641447,+37:54:00.09
4002,B515,1,0,1,8,1,0.029491308,+41:33:24.52
4003,B516,6,0,6,9,0,0.0386414,+45:24:41.03
4004,B517,1,0,1,0,1,0.041665394,+41:54:06.80
4005,B518,6,0,6,9,0,0.010356366,+39:05:04.10
4006,B519,4,0,4,9,0,0.035765509,+34:07:38.90
4007,MCGC1,1,0,1,0,1,0.018607523,+39:44:46.30
4008,MGC1,1,0,1,0,1,0.035213646,+32:54:58.78
4009,B521,1,0,1,1,3,0.028955197,+40:52:01.63
4010,B522,1,0,1,3,2,0.029061887,+40:52:48.07
4011,B523,1,0,1,9,1,0.029702303,+41:18:32.39
4012,B524,1,0,1,3,2,0.02981316,+41:03:12.99
4013,B525,2,2,0,9,0,0.028995833,+41:12:29.38
4014,B526,2,2,0,9,0,0.029202315,+41:16:23.50
4015,B527,1,0,1,8,0,0.029293044,+41:29:59.03
4016,B528,2,2,0,9,0,0.029999074,+41:23:47.80
4017,B529,2,2,0,9,0,0.029306204,+41:25:37.95
4018,B530,2,2,0,9,0,0.029749074,+41:25:12.70
4019,B531,1,1,0,0,0,0.02517066,+40:57:56.54
4020,B532,1,1,1,0,0,0.031041667,+41:57:38.17
4021,B533,1,1,1,0,0,0.031555556,+41:56:38.13
4023,B534,1,1,1,0,0,0.031366898,+41:48:55.28
4024,B535,1,1,1,0,0,0.030818287,+41:41:39.20
4025,B536,1,1,1,0,0,0.030180556,+41:12:30.48
4026,B537,1,1,1,0,0,0.029081019,+41:06:51.18
4027,B538,1,1,1,0,0,0.02934375,+41:19:37.61
4028,B539,1,1,1,0,0,0.029349537,+41:20:04.55
4029,B540,1,1,1,0,0,0.029405093,+41:20:13.52
5001,2M001,4,0,0,9,0,0.017993831,+40:57:05.87
5002,2M002,4,0,0,9,0,0.020669097,+37:29:30.00
5003,2M003,4,0,0,9,0,0.021491782,+45:20:59.90
5004,2M004,4,0,0,9,0,0.021964236,+40:34:16.30
5005,2M005,4,0,0,9,0,0.024360417,+42:35:31.60
5006,2M006,4,0,0,9,0,0.034157986,+38:06:51.40
5007,2M007,4,0,0,9,0,0.042489583,+39:15:04.70
5008,2M008,4,0,0,9,0,0.042863542,+40:24:20.70
5009,2M009,4,0,0,9,0,0.021864468,+40:53:55.30
5010,2M010,4,0,0,9,0,0.020234028,+39:28:35.70
5011,2M011,4,0,0,9,0,0.020360069,+38:25:16.60
5012,2M012,4,0,0,9,0,0.016746991,+44:59:07.20
5013,2M013,4,0,0,9,0,0.036061111,+47:07:22.90
5014,2M014,4,0,0,9,0,0.018912269,+35:48:12.10
5015,2M015,4,0,0,9,0,0.029459259,+37:42:11.00
5016,2M016,4,0,0,9,0,0.041943287,+42:25:50.50
5017,2M017,4,0,0,9,0,0.042103704,+42:13:04.50
5018,2M018,4,0,0,9,0,0.017699306,+37:50:25.80
5019,2M019,4,0,0,9,0,0.019108681,+40:08:01.50
5020,2M020,4,0,0,9,0,0.025476157,+37:34:53.40
5021,2M021,4,0,0,9,0,0.025708912,+37:38:40.30
5022,2M022,4,0,0,9,0,0.026044329,+36:26:14.90
5023,2M023,4,0,0,9,0,0.017856944,+41:25:35.70
5024,2M024,4,0,0,9,0,0.018379514,+44:16:09.70
5025,2M025,4,0,0,9,0,0.024913426,+37:51:41.50
5026,2M026,4,0,0,9,0,0.029575347,+37:31:29.40
5027,2M027,4,0,0,9,0,0.029785532,+39:09:13.50
5028,2M028,4,0,0,9,0,0.037948032,+45:07:28.70
5029,2M029,4,0,0,9,0,0.039470602,+40:08:52.20
5030,2M030,4,0,0,9,0,0.044330556,+43:20:35.20
5031,2M031,4,0,0,9,0,0.011358912,+34:12:00.20
5032,2M032,4,0,0,9,0,0.014990278,+48:13:32.20
5033,2M033,4,0,0,9,0,0.04861331,+40:24:21.00
5034,2M034,4,0,0,9,0,0.001412153,+51:36:24.20
5035,2M035,4,0,0,9,0,0.004304514,+41:30:13.40
5036,2M036,6,0,6,9,0,0.020042708,+39:05:16.70
5037,2M037,6,0,6,9,0,0.030806481,+38:43:31.90
5038,2M038,6,0,6,9,0,0.026717245,+46:08:21.70
5039,2M039,6,0,0,9,0,0.021055671,+41:17:20.30
5040,2M040,6,0,0,9,0,0.021880903,+40:33:15.30
5041,2M041,6,0,0,9,0,0.034357755,+38:26:16.60
5042,2M042,6,0,0,9,0,0.020711111,+41:43:24.00
5043,2M043,6,0,0,9,0,0.019036343,+45:07:36.00
6002,MCGC2,1,0,1,0,1,0.020659514,+41:13:09.26
6003,MCGC3,1,0,1,0,1,0.021149155,+41:36:19.62
6005,MCGC5,1,0,1,0,1,0.024996921,+35:41:03.38
6007,MCGC7,1,0,1,3,1,0.026960752,+42:22:46.88
6008,MCGC8,1,0,1,0,1,0.037789039,+39:42:55.69
6009,MCGC9,1,0,1,0,1,0.038703194,+42:46:16.35
6010,MCGC10,1,0,1,0,1,0.046832384,+35:46:48.41
6011,MCEC1,8,0,8,9,1,0.026614468,+41:47:14.90
6012,MCEC2,8,0,8,9,1,0.029803252,+43:57:28.02
6013,MCEC3,8,0,8,9,1,0.026442199,+40:44:39.46
6014,MCEC4,8,0,8,9,1,0.04045625,+38:03:02.02
6101,H2,1,0,1,0,1,0.019482176,+40:02:55.29
6103,H3,1,0,1,0,1,0.020487836,+41:50:32.09
6107,H7,1,0,1,0,1,0.022158924,+40:06:47.15
6108,H8,1,0,1,0,1,0.023789468,+39:52:52.43
6109,H9,1,0,1,0,1,0.023810451,+37:30:43.42
6111,H11,1,0,1,0,1,0.026018843,+44:11:26.41
6112,H12,1,0,1,0,1,0.026433449,+37:44:00.59
6113,H13,1,0,1,0,1,0.026778275,+41:44:52.98
6115,H15,1,0,1,0,1,0.027930718,+35:52:37.02
6116,H16,1,0,1,0,1,0.02821544,+39:45:29.92
6117,H17,1,0,1,0,1,0.029440833,+37:14:35.09
6118,H18,1,0,1,0,1,0.030278113,+44:58:59.30
6119,H19,1,0,1,0,1,0.030728241,+38:25:41.94
6120,H20,1,0,1,0,1,0.031857801,+39:55:52.18
6121,H21,1,0,1,0,1,0.033918912,+41:08:36.23
6122,H22,1,0,1,0,1,0.034544676,+38:18:37.89
6125,H25,1,0,1,0,1,0.041372002,+44:05:38.83
6126,H26,1,0,1,0,1,0.041289005,+37:41:34.12
6501,HEC1,8,0,8,9,1,0.017754167,+40:43:39.40
6502,HEC2,8,0,8,9,1,0.019810475,+37:31:23.80
6503,HEC3,8,0,8,9,1,0.025367141,+44:44:16.69
6506,HEC6,8,0,8,9,1,0.026800914,+44:16:49.01
6508,HEC8,8,0,8,9,1,0.03156125,+40:13:47.17
6509,HEC9,8,0,8,9,1,0.035253241,+41:41:34.60
6510,HEC10,8,0,8,9,1,0.037920775,+44:58:43.93
6511,HEC11,8,0,8,9,1,0.038394502,+38:51:02.92
6513,HEC13,8,0,8,9,1,0.040473715,+37:13:50.92
7001,SK001A,6,0,0,0,6,0.025387998,+40:39:45.04
7002,SK002A,1,0,0,0,2,0.025405,+41:01:08.46
7003,SK003A,6,0,0,0,6,0.025818449,+41:41:17.61
7004,SK004A,1,0,0,0,1,0.02640456,+42:04:06.53
7005,SK005A,1,0,0,0,1,0.027073519,+41:40:27.33
7006,SK006A,6,0,0,0,6,0.027542708,+40:33:56.40
7007,SK007A,1,0,0,0,3,0.027593414,+40:51:18.93
7008,SK008A,6,0,6,9,6,0.027782639,+40:43:53.72
7009,SK009A,6,0,0,0,6,0.027842303,+40:56:14.53
7010,SK010A,6,0,0,0,6,0.027847361,+40:35:39.92
7011,SK011A,6,0,0,0,6,0.02797294,+40:39:34.26
7012,SK012A,6,0,0,0,6,0.027997766,+41:00:52.02
7013,SK013A,6,0,0,9,6,0.028037083,+40:50:07.51
7014,SK014A,6,0,0,0,6,0.028065197,+40:48:46.47
7015,SK015A,1,0,0,0,2,0.028080451,+40:45:31.90
7016,SK016A,1,0,0,0,2,0.028145255,+40:46:07.94
7017,SK017A,6,0,0,0,6,0.02833603,+41:00:32.22
7018,SK018A,1,0,0,1,3,0.028398634,+41:16:14.75
7019,SK019A,1,0,0,0,1,0.028529664,+41:28:37.92
7020,SK020A,1,0,0,8,1,0.028626782,+41:09:42.12
7021,SK021A,6,0,0,0,6,0.028645,+40:49:38.75
7022,SK022A,6,0,0,0,6,0.028656528,+40:28:29.40
7023,SK023A,6,0,0,0,6,0.028679005,+40:43:35.23
7024,SK024A,6,0,0,9,6,0.028699896,+40:39:29.54
7025,SK025A,6,0,0,0,6,0.028729248,+40:49:58.25
7026,SK026A,1,0,0,0,1,0.028757303,+40:36:03.73
7027,SK027A,6,0,0,0,6,0.02876,+40:45:20.05
7028,SK028A,6,0,0,0,6,0.028838588,+40:59:29.11
7029,SK029A,6,0,0,0,6,0.028857998,+40:39:39.10
7030,SK030A,6,0,0,0,6,0.028865856,+40:42:22.91
7031,SK031A,6,0,6,9,6,0.028879502,+40:53:41.69
7032,SK032A,6,0,0,0,6,0.028917222,+40:58:26.59
7033,SK033A,6,0,0,0,6,0.028940671,+40:46:09.41
7035,SK035A,1,0,0,0,1,0.029019444,+41:52:34.31
7036,SK036A,1,0,0,3,1,0.029020613,+40:51:08.15
7037,SK037A,6,0,0,0,6,0.029061331,+40:45:13.46
7039,SK039A,6,0,0,9,6,0.029063194,+41:20:14.68
7040,SK040A,6,0,0,0,6,0.029095,+40:54:49.17
7041,SK041A,6,0,0,0,6,0.029193171,+40:53:46.03
7042,SK042A,5,0,0,0,5,0.02921272,+40:56:51.91
7043,SK043A,6,0,0,0,6,0.029227477,+40:48:02.13
7044,SK044A,3,0,3,8,6,0.029240613,+40:53:16.51
7045,SK045A,6,0,0,9,6,0.029277384,+40:47:44.03
7046,SK046A,6,0,0,0,6,0.029319583,+40:46:12.04
7047,SK047A,6,6,6,9,6,0.02933206,+40:50:07.62
7048,SK048A,6,0,0,0,6,0.029370694,+40:55:15.85
7049,SK049A,1,0,0,8,1,0.029392141,+40:52:22.36
7050,SK050A,3,0,3,8,6,0.02941625,+41:14:19.72
7051,SK051A,6,0,0,9,6,0.029538634,+40:53:34.61
7052,SK052A,1,0,0,0,1,0.029598553,+41:50:53.58
7053,SK053A,1,0,0,0,1,0.02963897,+40:17:52.84
7054,SK054A,1,0,0,8,1,0.029688356,+41:08:15.10
7055,SK055A,1,0,0,0,1,0.02976691,+40:44:09.89
7056,SK056A,5,0,0,0,5,0.029794838,+41:01:53.21
7057,SK057A,6,0,0,9,6,0.029838356,+41:23:02.66
7058,SK058A,6,0,0,9,6,0.02993,+41:50:59.64
7059,SK059A,1,0,1,0,5,0.029975255,+41:19:00.90
7060,SK060A,1,0,0,0,1,0.02999831,+40:56:05.40
7061,SK061A,1,0,0,0,1,0.030017801,+41:38:27.66
7062,SK062A,1,0,0,0,1,0.030029248,+41:53:46.79
7063,SK063A,3,0,3,8,6,0.03004728,+41:27:56.97
7064,SK064A,1,0,0,0,1,0.03007412,+40:59:23.73
7065,SK065A,6,0,0,0,6,0.030092708,+41:39:41.50
7066,SK066A,1,0,1,8,1,0.03013978,+41:38:42.25
7067,SK067A,4,0,0,9,4,0.030179086,+41:35:34.62
7068,SK068A,3,0,0,3,6,0.030186863,+41:00:21.53
7069,SK069A,6,0,0,0,6,0.030258218,+41:43:38.90
7070,SK070A,4,0,0,9,4,0.030321111,+41:29:16.34
7071,SK071A,1,0,1,8,1,0.030398218,+41:39:28.57
7072,SK072A,1,0,0,8,1,0.030401389,+41:22:28.24
7073,SK073A,1,0,0,8,1,0.030422801,+41:07:48.21
7074,SK074A,1,0,1,0,6,0.030442824,+41:41:47.90
7075,SK075A,4,0,4,9,4,0.030467361,+41:38:29.86
7076,SK076A,6,0,0,0,6,0.030473727,+41:45:17.80
7077,SK077A,6,0,0,9,6,0.030513495,+41:19:47.99
7078,SK078A,4,0,0,9,4,0.03053897,+41:25:02.50
7079,SK079A,6,0,6,9,6,0.030608634,+41:32:09.10
7080,SK080A,6,0,0,9,6,0.030634861,+41:49:04.25
7081,SK081A,6,0,0,0,6,0.030636586,+41:47:52.31
7082,SK082A,6,0,0,0,6,0.030640671,+41:47:05.90
7083,SK083A,1,0,0,0,1,0.030671227,+41:51:28.57
7084,SK084A,1,0,1,8,2,0.030698414,+41:21:10.79
7085,SK085A,6,0,6,9,6,0.030794329,+41:41:44.88
7086,SK086A,1,0,1,8,1,0.030857303,+41:35:14.43
7087,SK087A,6,0,0,0,6,0.030872674,+41:57:56.65
7088,SK088A,6,0,6,0,6,0.030924502,+41:52:22.32
7089,SK089A,1,0,1,0,6,0.030970671,+41:38:00.20
7090,SK090A,1,0,0,0,2,0.03104794,+41:41:09.82
7091,SK091A,6,0,0,0,6,0.031098275,+41:46:44.33
7092,SK092A,6,0,6,0,2,0.031152245,+41:50:56.73
7093,SK093A,6,0,6,0,1,0.031232106,+41:56:37.51
7094,SK094A,6,0,6,9,6,0.03124228,+41:33:05.28
7095,SK095A,1,0,1,0,2,0.031275752,+41:49:39.64
7096,SK096A,6,0,0,9,6,0.031276169,+41:23:36.48
7097,SK097A,1,0,0,0,2,0.031309109,+41:42:29.20
7098,SK098A,6,0,0,9,6,0.0313375,+41:35:15.69
7099,SK099A,6,0,1,0,6,0.031344387,+41:56:43.02
7100,SK100A,6,0,0,0,6,0.031411169,+41:31:33.38
7101,SK101A,1,0,1,0,6,0.031461644,+41:49:36.37
7102,SK102A,6,0,0,0,6,0.031711667,+41:52:46.84
7103,SK103A,6,0,0,0,6,0.031722616,+40:39:51.34
7104,SK104A,1,0,0,0,1,0.031762859,+41:57:27.80
7105,SK105A,1,0,0,0,2,0.03185022,+41:57:41.59
7106,SK106A,6,0,0,9,6,0.031853912,+42:05:26.53
7107,SK107A,6,0,0,0,6,0.032532755,+41:42:27.50
7108,SK108A,6,0,0,0,6,0.032803634,+40:38:12.08
7109,SK109A,1,0,0,0,1,0.032833947,+41:03:11.64
7110,SK110A,1,0,0,0,1,0.033284583,+41:27:32.47
7111,SK111A,1,0,0,0,1,0.033502674,+41:29:19.45
7112,SK112A,6,0,0,0,6,0.033517639,+41:23:31.24
7113,SK113A,6,0,0,0,6,0.033799387,+41:55:44.90
7114,SK001B,2,2,0,9,2,0.023183808,+40:04:41.48
7115,SK002B,2,2,0,9,2,0.023289468,+39:51:33.10
7116,SK003B,2,4,0,9,2,0.02334559,+39:40:59.47
7117,SK004B,2,2,0,9,2,0.024007083,+40:02:50.05
7118,SK005B,2,2,0,9,2,0.024550914,+41:55:32.61
7119,SK006B,2,2,0,9,2,0.024701829,+41:11:53.29
7120,SK007B,2,2,0,9,2,0.024829838,+39:39:21.59
7121,SK008B,2,2,0,9,2,0.024979051,+39:37:35.69
7122,SK009B,2,2,0,9,2,0.025002639,+40:56:19.86
7123,SK010B,2,2,0,9,2,0.025020023,+39:48:50.80
7124,SK011B,2,2,0,9,2,0.025023495,+41:14:43.88
7125,SK012B,2,2,0,9,2,0.025059097,+40:55:20.32
7126,SK013B,2,2,0,9,2,0.025367222,+41:11:41.78
7127,SK014B,6,0,0,9,6,0.025378171,+40:37:47.10
7128,SK015B,6,0,0,9,6,0.025807384,+40:11:36.70
7129,SK016B,6,0,0,9,6,0.025915255,+40:47:48.91
7130,SK017B,2,2,0,9,2,0.026046863,+40:36:44.49
7131,SK018B,2,2,0,9,2,0.026051227,+40:18:24.88
7132,SK019B,2,2,0,9,2,0.02608191,+40:05:29.47
7133,SK020B,2,2,0,9,2,0.026107581,+40:35:15.07
7134,SK021B,2,2,0,9,2,0.026310243,+41:31:09.80
7135,SK022B,2,2,0,9,2,0.026323056,+40:17:27.67
7136,SK023B,2,2,0,9,2,0.026394144,+41:34:15.84
7137,SK024B,6,0,0,9,6,0.026516366,+40:38:52.22
7138,SK025B,6,0,0,9,6,0.026897951,+40:24:59.89
7139,SK026B,6,0,0,9,6,0.026952558,+40:31:19.09
7140,SK027B,6,0,0,9,6,0.027189815,+40:28:28.60
7141,SK028B,2,2,0,9,2,0.027241887,+41:57:52.00
7142,SK029B,2,2,0,9,2,0.027359282,+42:01:37.34
7143,SK030B,2,2,0,9,2,0.02739684,+42:06:56.19
7144,SK031B,6,0,0,9,6,0.027570301,+40:52:21.17
7145,SK032B,2,2,0,9,2,0.027603947,+42:07:04.96
7146,SK033B,6,0,0,9,6,0.027619583,+40:53:09.83
7147,SK034B,6,0,0,9,6,0.027675949,+40:45:33.15
7148,SK035B,6,0,0,9,6,0.027766076,+41:45:40.89
7149,SK036B,6,0,0,9,6,0.027778472,+40:22:14.56
7150,SK037B,6,0,0,9,6,0.027782106,+40:48:51.11
7151,SK038B,6,0,6,9,6,0.027820532,+40:44:04.18
7152,SK039B,2,2,0,9,2,0.027836053,+41:47:18.00
7153,SK040B,2,2,0,9,2,0.02786544,+41:58:11.69
7154,SK041B,6,0,0,9,6,0.027897199,+41:01:24.06
7155,SK042B,2,2,0,9,2,0.027940336,+41:41:35.75
7156,SK043B,2,2,0,9,2,0.027955613,+40:36:54.39
7157,SK044B,2,2,0,9,2,0.027995799,+40:31:15.39
7159,SK046B,6,0,0,9,6,0.028067894,+40:37:58.21
7160,SK047B,2,2,0,9,2,0.02811331,+41:42:17.62
7161,SK048B,6,0,0,9,6,0.028135972,+40:39:23.37
7162,SK049B,6,0,0,9,6,0.028152639,+42:00:52.49
7163,SK050B,2,2,0,9,2,0.028185556,+41:47:32.71
7164,SK051B,6,0,0,9,6,0.028193866,+40:39:06.83
7165,SK052B,6,0,0,9,6,0.028216644,+40:38:03.81
7166,SK053B,6,0,0,9,6,0.028274583,+41:23:39.98
7167,SK054B,2,2,0,9,2,0.028372419,+41:42:47.12
7168,SK055B,6,0,0,9,6,0.028386782,+41:32:27.82
7169,SK056B,6,0,0,9,6,0.028412199,+41:58:46.67
7170,SK057B,6,0,0,9,6,0.028423021,+41:28:05.49
7171,SK058B,6,0,0,9,6,0.028431725,+41:31:54.34
7172,SK059B,2,2,0,9,2,0.028439884,+40:44:30.91
7173,SK060B,6,0,0,9,6,0.028443218,+41:00:36.75
7174,SK061B,6,0,6,9,6,0.028448912,+41:03:38.57
7175,SK062B,2,2,0,9,2,0.028454502,+41:07:51.77
7176,SK063B,2,2,0,9,2,0.028486273,+41:44:29.38
7177,SK064B,6,0,6,9,6,0.028494745,+41:08:21.72
7178,SK065B,6,0,6,9,6,0.028530891,+41:11:06.11
7179,SK066B,2,2,0,9,2,0.02853706,+42:12:55.48
7180,SK067B,1,0,0,9,3,0.028537164,+41:07:42.57
7181,SK068B,2,2,0,9,2,0.028546331,+41:09:37.26
7182,SK069B,6,0,0,9,6,0.028559086,+42:02:48.13
7183,SK070B,2,2,0,9,2,0.028575556,+41:09:55.66
7184,SK071B,2,2,0,9,2,0.028598669,+40:23:06.36
7185,SK072B,2,2,0,9,2,0.028612894,+41:36:10.47
7186,SK073B,6,0,0,9,6,0.028615081,+42:14:26.78
7187,SK074B,2,2,0,9,2,0.028619109,+41:39:37.84
7188,SK075B,6,0,6,9,6,0.028642396,+41:08:44.71
7189,SK076B,6,0,0,9,6,0.028677025,+40:52:25.28
7190,SK077B,6,0,0,9,6,0.028694248,+40:45:03.96
7191,SK078B,2,2,0,9,2,0.02876625,+40:30:53.42
7192,SK079B,6,0,0,9,6,0.028783889,+40:47:06.95
7193,SK080B,2,2,0,9,2,0.028784653,+40:41:37.17
7194,SK081B,6,0,0,9,6,0.028904954,+40:59:19.22
7195,SK082B,6,0,6,9,6,0.028918171,+40:52:33.57
7196,SK083B,6,0,0,9,6,0.028919745,+40:43:58.79
7198,SK085B,2,2,0,9,2,0.028942662,+40:58:18.55
7199,SK086B,6,0,0,9,6,0.028966111,+40:53:22.97
7200,SK087B,7,0,7,9,6,0.029030914,+40:47:32.09
7201,SK088B,6,0,6,9,6,0.029068113,+40:47:07.39
7202,SK089B,1,0,0,9,5,0.029105752,+40:47:16.19
7203,SK090B,2,2,0,9,2,0.029131551,+40:29:42.44
7204,SK091B,6,0,6,9,6,0.029166192,+40:46:04.09
7205,SK092B,6,0,0,9,6,0.029210694,+40:47:36.53
7206,SK093B,6,0,6,9,6,0.029242801,+40:52:01.89
7207,SK094B,4,0,0,9,4,0.029257384,+41:01:09.83
7208,SK095B,6,0,0,9,6,0.02933581,+40:51:12.34
7209,SK096B,2,2,0,9,2,0.02935809,+41:24:46.72
7210,SK097B,2,2,0,9,2,0.029360637,+41:24:16.50
7211,SK098B,6,0,0,9,6,0.029361921,+40:51:43.20
7212,SK099B,6,0,0,9,6,0.029393275,+41:27:02.78
7213,SK100B,6,0,0,9,6,0.029401863,+40:51:22.93
7214,SK101B,6,0,0,9,6,0.029416134,+41:27:59.16
7215,SK102B,2,2,0,9,2,0.029429167,+40:22:23.61
7216,SK103B,6,0,0,9,6,0.02944581,+41:37:34.06
7217,SK104B,2,2,0,9,2,0.029455336,+40:36:29.08
7218,SK105B,6,0,6,9,6,0.029456088,+41:21:12.63
7219,SK106B,6,0,0,9,6,0.029493171,+40:51:36.76
7220,SK107B,2,2,0,9,2,0.029549363,+41:10:51.85
7221,SK108B,4,0,0,9,4,0.029573831,+40:33:28.80
7222,SK109B,6,0,6,9,6,0.029574363,+40:52:23.28
7223,SK110B,2,2,0,9,2,0.029573912,+41:30:18.50
7224,SK111B,6,0,6,9,6,0.029618808,+41:16:58.45
7226,SK113B,2,2,0,9,2,0.029804306,+40:59:45.43
7227,SK114B,6,0,6,9,6,0.029815718,+40:59:54.38
7228,SK115B,2,2,0,9,2,0.029820243,+40:41:07.31
7229,SK116B,2,2,0,9,2,0.029824167,+40:30:12.57
7231,SK118B,6,0,6,9,6,0.029860972,+41:20:43.45
7232,SK119B,6,0,6,9,6,0.029927188,+41:15:58.39
7233,SK120B,6,0,6,9,6,0.029930336,+41:23:08.71
7234,SK121B,6,0,0,9,6,0.029964387,+41:25:54.98
7235,SK122B,6,0,0,9,6,0.029967836,+40:38:11.36
7236,SK123B,6,0,6,9,6,0.02996853,+41:34:01.63
7237,SK124B,6,0,0,9,6,0.030072859,+42:02:03.45
7238,SK125B,2,2,0,9,2,0.030080023,+42:15:11.47
7239,SK126B,2,2,0,9,2,0.030107917,+41:19:21.97
7240,SK127B,6,0,0,9,6,0.030122616,+41:45:38.16
7241,SK128B,2,2,0,9,2,0.030126447,+42:01:42.42
7242,SK129B,6,0,0,9,6,0.030164525,+41:18:07.77
7243,SK130B,6,0,0,9,6,0.030165972,+41:53:00.93
7244,SK131B,6,0,0,9,6,0.030169502,+42:16:19.95
7245,SK132B,6,0,6,9,6,0.030168912,+41:40:41.15
7246,SK133B,2,2,0,9,2,0.030172002,+40:25:00.70
7247,SK134B,2,2,0,9,2,0.030185023,+40:35:59.93
7248,SK135B,6,0,0,9,6,0.030244942,+41:34:05.96
7249,SK136B,4,0,0,9,4,0.030300602,+41:45:40.53
7250,SK137B,6,0,6,9,6,0.030315417,+41:10:19.26
7251,SK138B,6,0,6,9,2,0.030316667,+41:10:08.68
7252,SK139B,6,0,0,9,6,0.030340139,+41:48:47.25
7253,SK140B,2,2,0,9,2,0.030356782,+40:58:57.47
7254,SK141B,6,0,0,9,6,0.030381354,+41:46:00.01
7255,SK142B,6,0,6,9,6,0.03038294,+41:12:28.02
7256,SK143B,6,0,0,9,6,0.030455301,+41:46:49.27
7257,SK144B,6,0,6,9,6,0.030464942,+41:42:39.13
7258,SK145B,6,0,0,9,6,0.030471991,+41:47:41.70
7259,SK146B,6,0,0,9,6,0.03047294,+41:49:50.04
7260,SK147B,2,2,0,9,2,0.030476667,+40:19:58.43
7261,SK148B,6,0,0,9,6,0.030498889,+41:29:08.21
7262,SK149B,6,0,0,9,6,0.030515162,+41:44:51.20
7264,SK151B,6,0,6,9,6,0.030529861,+41:35:19.76
7265,SK152B,6,0,0,9,6,0.030547998,+40:48:03.42
7266,SK153B,6,0,0,9,6,0.030556308,+41:48:33.95
7267,SK154B,6,0,0,9,6,0.030556563,+41:51:33.17
7268,SK155B,6,0,0,9,6,0.030578056,+41:15:00.15
7269,SK156B,6,0,6,9,6,0.030600694,+41:37:40.05
7270,SK157B,6,0,0,9,6,0.03064772,+41:47:02.59
7271,SK158B,6,0,6,9,6,0.03066566,+41:33:58.87
7272,SK159B,6,0,0,9,6,0.030678333,+41:17:59.39
7273,SK160B,6,0,0,9,6,0.030681227,+41:32:03.25
7274,SK161B,6,0,6,9,6,0.030696192,+41:36:37.43
7275,SK162B,6,0,6,9,6,0.030697755,+41:35:16.69
7276,SK163B,6,0,0,9,6,0.030702338,+41:17:20.23
7277,SK164B,6,0,6,9,6,0.030782141,+41:51:33.65
7278,SK165B,6,0,0,9,6,0.030787465,+40:57:58.26
7279,SK166B,1,0,1,9,6,0.030846505,+41:20:49.85
7280,SK167B,2,2,0,9,2,0.030846725,+40:56:14.64
7281,SK168B,2,2,0,9,2,0.030859942,+40:15:05.15
7282,SK169B,2,2,0,9,2,0.03086397,+40:42:45.90
7283,SK170B,6,0,6,9,6,0.030870775,+41:37:15.37
7284,SK171B,2,2,0,9,2,0.030885336,+40:42:24.09
7285,SK172B,6,0,6,9,6,0.030891366,+41:20:10.53
7286,SK173B,6,0,6,9,6,0.030913507,+41:18:22.29
7287,SK174B,6,0,0,9,6,0.030950775,+41:47:45.00
7288,SK175B,2,2,0,9,2,0.030963252,+40:43:53.15
7289,SK176B,6,0,6,9,6,0.030980775,+41:52:48.11
7290,SK177B,6,0,6,9,6,0.031006366,+41:55:11.10
7291,SK178B,6,0,6,9,6,0.031051725,+41:25:05.76
7292,SK179B,6,0,6,9,2,0.031051829,+41:33:26.20
7293,SK180B,6,0,6,9,6,0.031103808,+41:25:53.65
7294,SK181B,6,0,6,9,6,0.031118773,+42:06:08.04
7295,SK182B,6,0,0,9,6,0.031121169,+41:47:58.78
7296,SK183B,6,0,6,9,6,0.031184109,+41:32:14.28
7297,SK184B,1,0,1,9,2,0.031189109,+41:52:32.13
7298,SK185B,1,0,1,9,6,0.031209884,+41:52:54.77
7299,SK186B,6,0,0,9,6,0.031214942,+41:16:11.53
7300,SK187B,6,0,0,9,6,0.031228252,+41:09:41.75
7301,SK188B,6,0,6,9,6,0.03124169,+41:53:18.71
7302,SK189B,2,2,0,9,2,0.031242025,+40:58:22.06
7303,SK190B,2,2,0,9,2,0.031269039,+40:24:11.50
7304,SK191B,1,0,1,9,6,0.031278634,+41:59:33.98
7305,SK192B,2,2,0,9,2,0.031294502,+40:29:59.57
7306,SK193B,2,2,0,9,2,0.031298113,+40:43:07.61
7307,SK194B,2,2,0,9,2,0.031305301,+40:30:32.11
7308,SK195B,1,0,1,9,6,0.031317141,+41:59:04.11
7309,SK196B,4,0,0,9,4,0.031318113,+40:41:07.91
7310,SK197B,2,2,0,9,2,0.031337199,+41:00:12.21
7311,SK198B,6,0,6,9,6,0.031371308,+41:50:19.74
7312,SK199B,6,0,0,9,6,0.031535775,+41:42:56.27
7313,SK200B,6,0,0,9,6,0.031560023,+41:39:48.06
7314,SK201B,6,0,0,9,6,0.031560139,+41:38:41.29
7315,SK202B,2,2,0,9,2,0.031579028,+41:30:51.95
7316,SK203B,6,0,0,9,6,0.031598889,+41:43:48.78
7317,SK204B,2,2,0,9,2,0.031604167,+40:47:58.34
7318,SK205B,2,2,0,9,2,0.031635081,+40:17:08.76
7319,SK206B,6,0,0,9,6,0.031677303,+41:44:18.24
7320,SK207B,2,2,0,9,2,0.031703553,+41:49:55.23
7321,SK208B,6,0,6,9,6,0.031726111,+41:55:08.33
7322,SK209B,6,0,0,9,6,0.03173353,+41:51:42.53
7323,SK210B,2,2,0,9,2,0.031794965,+40:45:18.18
7324,SK211B,6,0,0,9,6,0.031796944,+41:39:32.28
7325,SK212B,2,2,0,9,2,0.031853588,+41:31:49.93
7326,SK213B,2,2,0,9,2,0.031873576,+41:41:11.62
7327,SK214B,2,2,0,9,2,0.031875417,+39:56:47.27
7328,SK215B,6,0,0,9,6,0.031939618,+41:51:15.11
7329,SK216B,2,2,0,9,2,0.031975775,+41:44:52.78
7330,SK217B,2,2,0,9,2,0.0320536,+41:29:04.30
7331,SK218B,2,2,0,9,2,0.032061134,+40:55:13.27
7332,SK219B,6,0,0,9,6,0.032076354,+41:38:49.49
7333,SK220B,2,2,0,9,2,0.032150799,+41:44:44.17
7334,SK221B,2,2,0,9,2,0.032167361,+40:23:42.07
7335,SK222B,6,0,0,9,6,0.032253113,+41:38:38.51
7336,SK223B,2,2,0,9,2,0.032325,+40:06:36.50
7337,SK224B,6,0,0,9,6,0.03239331,+41:59:31.60
7338,SK225B,6,0,0,9,6,0.032438056,+41:58:35.52
7339,SK226B,2,2,0,9,2,0.032498495,+42:01:56.46
7340,SK227B,2,2,0,9,2,0.032575,+42:00:47.39
7341,SK228B,6,0,0,9,6,0.032587002,+42:20:50.09
7342,SK229B,4,0,0,9,4,0.032642859,+40:45:27.91
7343,SK230B,2,2,0,9,2,0.032664387,+41:10:55.44
7344,SK231B,2,2,0,9,2,0.032802361,+40:22:23.33
7345,SK232B,2,2,0,9,2,0.032806088,+40:25:38.98
7346,SK233B,2,2,0,9,2,0.03281478,+41:01:12.43
7347,SK234B,2,2,0,9,2,0.033046944,+41:01:31.31
7348,SK235B,6,0,0,9,6,0.033265104,+41:33:22.95
7349,SK236B,6,0,0,9,6,0.033309306,+41:34:32.34
7350,SK237B,6,0,0,9,6,0.033315417,+41:31:25.61
7351,SK238B,2,2,0,9,2,0.033353056,+41:49:56.81
7352,SK239B,6,0,0,9,6,0.033445532,+41:48:36.88
7353,SK240B,2,2,0,9,2,0.033612836,+40:06:43.40
7354,SK241B,6,0,0,9,6,0.033620475,+41:52:54.17
7355,SK242B,2,2,0,9,2,0.033641921,+41:19:47.10
7356,SK243B,2,2,0,9,2,0.033648368,+42:02:43.68
7357,SK244B,2,2,0,9,2,0.03365103,+41:06:17.11
7358,SK245B,6,0,0,9,6,0.033685301,+41:52:50.16
7359,SK246B,6,0,0,9,6,0.033688391,+41:55:29.27
7360,SK247B,6,0,0,9,6,0.033706412,+41:47:27.49
7361,SK248B,6,0,0,9,6,0.033712558,+41:35:36.92
7362,SK249B,2,2,0,9,2,0.033715197,+42:02:45.29
7363,SK250B,6,0,0,9,6,0.033757951,+41:39:08.52
7364,SK251B,6,0,0,9,6,0.03380434,+41:51:54.83
7365,SK252B,2,2,0,9,2,0.033810255,+41:31:54.41
7366,SK253B,6,0,0,9,6,0.033822639,+41:34:08.63
7367,SK254B,6,0,0,9,6,0.033912338,+41:57:07.20
7368,SK255B,2,2,0,9,2,0.034062442,+41:54:57.60
7369,SK256B,2,2,0,9,2,0.034090336,+41:57:38.54
7370,SK257B,2,2,0,9,2,0.034203912,+41:01:29.65
7371,SK258B,2,2,0,9,2,0.034924444,+42:06:43.05
7372,SK001C,2,2,0,9,2,0.023068449,+40:05:26.88
7373,SK002C,2,2,0,9,2,0.023099977,+40:00:25.34
7374,SK003C,4,0,0,9,4,0.023315081,+40:11:07.25
7375,SK004C,2,2,0,9,2,0.023321331,+40:08:17.04
7376,SK005C,2,2,0,9,2,0.023357384,+39:35:36.02
7377,SK006C,2,2,0,9,2,0.023450579,+39:48:36.88
7378,SK007C,2,2,0,9,2,0.023549421,+39:34:36.77
7379,SK008C,4,0,4,9,4,0.023744109,+40:07:58.83
7380,SK009C,2,2,0,9,2,0.023751933,+40:06:30.51
7381,SK010C,2,2,0,9,2,0.023922083,+39:54:06.09
7382,SK011C,2,2,0,9,2,0.024203333,+39:55:33.83
7383,SK012C,2,2,0,9,2,0.024407245,+40:07:33.38
7384,SK013C,2,2,0,9,2,0.024412222,+40:05:40.67
7385,SK014C,2,2,0,9,2,0.024478194,+39:41:40.27
7386,SK015C,2,2,0,9,2,0.024543356,+39:35:04.54
7387,SK016C,2,2,0,9,2,0.024560197,+41:49:47.39
7388,SK017C,2,2,0,9,2,0.024634722,+39:32:25.10
7389,SK018C,2,2,0,9,2,0.024644919,+41:42:33.29
7390,SK019C,6,0,0,9,6,0.024649329,+40:29:32.05
7391,SK020C,2,2,0,9,2,0.02488125,+41:50:02.40
7392,SK021C,2,2,0,9,2,0.02489456,+39:36:01.00
7393,SK022C,2,2,0,9,2,0.02490456,+40:54:12.17
7394,SK023C,2,2,0,9,2,0.024920139,+41:51:23.68
7395,SK024C,2,2,0,9,2,0.024928576,+41:43:42.60
7396,SK025C,2,2,0,9,2,0.024933113,+41:46:53.80
7397,SK026C,2,2,0,9,2,0.025064861,+39:58:05.30
7398,SK027C,4,0,0,9,4,0.025144699,+40:52:38.42
7399,SK028C,2,2,0,9,2,0.025196273,+41:25:36.56
7400,SK029C,2,2,0,9,2,0.025257801,+39:52:04.94
7401,SK030C,2,2,0,9,2,0.025316921,+41:35:14.58
7402,SK031C,2,2,0,9,2,0.025363785,+42:06:24.59
7403,SK032C,2,2,0,9,2,0.025386412,+41:30:03.35
7404,SK033C,2,2,0,9,2,0.025438843,+42:14:46.79
7405,SK034C,2,2,0,9,2,0.025502986,+39:34:56.71
7406,SK035C,2,2,0,9,2,0.025540058,+41:26:24.15
7407,SK036C,2,2,0,9,2,0.025546412,+40:04:10.34
7408,SK037C,2,2,0,9,2,0.025569688,+39:39:44.13
7409,SK038C,6,0,0,9,6,0.025613391,+39:38:41.71
7410,SK039C,2,2,0,9,2,0.025705833,+39:33:28.05
7411,SK040C,2,2,0,9,2,0.025733912,+41:33:22.29
7412,SK041C,2,2,0,9,2,0.02575353,+40:01:07.17
7413,SK042C,2,2,0,9,2,0.025767106,+41:44:49.10
7414,SK043C,2,2,0,9,2,0.025799745,+39:49:10.72
7415,SK044C,6,0,0,9,6,0.025816898,+40:19:50.50
7416,SK045C,2,2,0,9,2,0.025844063,+41:26:36.71
7417,SK046C,2,2,0,9,2,0.026029387,+41:55:02.71
7418,SK047C,6,0,0,9,6,0.026082141,+40:37:29.11
7419,SK048C,2,2,0,9,2,0.026125139,+40:05:40.51
7420,SK049C,2,2,0,9,2,0.026126111,+41:54:04.73
7421,SK050C,2,2,0,9,2,0.026172118,+40:04:43.61
7422,SK051C,2,2,0,9,2,0.026178275,+40:05:18.82
7423,SK052C,2,2,0,9,2,0.026367002,+41:23:36.88
7424,SK053C,2,2,0,9,2,0.026398137,+42:02:57.48
7425,SK054C,2,2,0,9,2,0.026459583,+40:24:31.00
7426,SK055C,2,2,0,9,2,0.026537998,+41:52:47.92
7427,SK056C,2,2,0,9,2,0.026649664,+40:50:57.29
7428,SK057C,2,2,0,9,2,0.02689272,+41:58:38.71
7429,SK058C,2,2,0,9,2,0.026949363,+40:03:01.97
7430,SK059C,6,0,0,9,6,0.027010856,+40:38:30.34
7431,SK060C,2,2,0,9,2,0.027012697,+40:38:39.26
7432,SK061C,2,2,0,9,2,0.027073947,+41:43:58.55
7433,SK062C,2,2,0,9,2,0.027097616,+42:03:54.70
7434,SK063C,2,2,0,9,2,0.027169676,+40:40:12.50
7435,SK064C,2,2,0,9,2,0.027195856,+41:35:15.69
7436,SK065C,6,0,0,9,6,0.027206586,+41:01:18.52
7437,SK066C,2,2,0,9,2,0.027259282,+42:22:50.89
7438,SK067C,2,2,0,9,2,0.027312859,+40:37:59.75
7439,SK068C,6,0,0,9,6,0.027354803,+40:14:40.39
7440,SK069C,2,2,0,9,2,0.027412338,+42:02:56.33
7441,SK070C,6,0,0,9,6,0.027533194,+41:34:39.07
7442,SK071C,2,1,0,9,2,0.027751632,+41:00:57.73
7443,SK072C,6,0,0,9,6,0.027767465,+40:28:17.11
7444,SK073C,2,2,0,9,2,0.027827523,+40:14:11.47
7445,SK074C,2,2,0,9,2,0.027838912,+41:26:36.22
7446,SK075C,2,2,0,9,2,0.027857523,+41:43:09.88
7447,SK076C,6,0,0,9,6,0.027875359,+40:37:59.43
7448,SK077C,2,2,0,9,2,0.027956308,+41:54:23.69
7449,SK078C,2,2,0,9,2,0.027957477,+40:46:23.22
7450,SK079C,2,2,0,9,2,0.027969838,+41:34:04.98
7451,SK080C,2,2,0,9,2,0.028010752,+41:55:07.37
7452,SK081C,6,0,0,9,6,0.028019086,+41:38:44.20
7453,SK082C,2,2,0,9,2,0.028090579,+41:33:18.78
7454,SK083C,4,0,0,9,4,0.028097002,+41:23:14.54
7455,SK084C,6,0,0,9,6,0.02810706,+41:39:06.90
7456,SK085C,6,0,0,9,6,0.028162778,+40:51:53.69
7457,SK086C,2,2,0,9,2,0.028280729,+41:35:34.79
7459,SK088C,2,2,0,9,2,0.028334167,+40:40:39.90
7460,SK089C,6,0,0,9,6,0.028368634,+40:16:46.24
7461,SK090C,2,2,0,9,2,0.028392025,+40:00:43.79
7462,SK091C,6,0,6,9,6,0.028441053,+40:21:55.20
7463,SK092C,2,2,0,9,2,0.028501725,+40:48:15.30
7464,SK093C,6,0,6,9,6,0.028512245,+40:46:06.65
7465,SK094C,6,0,0,9,6,0.028560949,+41:33:41.37
7466,SK095C,2,2,0,9,2,0.028562859,+41:51:32.82
7467,SK096C,6,0,0,9,6,0.028727164,+42:08:26.37
7468,SK097C,2,2,0,9,2,0.028755417,+42:20:14.57
7469,SK098C,6,0,0,9,6,0.028830336,+40:39:08.15
7470,SK099C,6,0,0,9,6,0.028932106,+40:56:33.22
7471,SK100C,2,2,0,9,2,0.028946748,+41:04:05.70
7472,SK101C,6,0,6,9,6,0.029045914,+41:55:25.82
7473,SK102C,6,0,6,9,6,0.029119745,+40:50:20.39
7475,SK104C,2,2,0,9,2,0.029202199,+40:03:49.37
7476,SK105C,6,0,0,9,6,0.02924897,+41:55:48.96
7477,SK106C,6,0,0,9,6,0.029264884,+40:58:04.52
7478,SK107C,6,0,6,9,6,0.029331389,+41:34:26.73
7479,SK108C,2,2,0,9,2,0.029437477,+40:38:36.58
7480,SK109C,6,0,6,9,6,0.029514248,+41:23:26.04
7481,SK110C,2,2,0,9,2,0.029549861,+40:04:54.19
7482,SK111C,6,0,0,9,6,0.029649699,+40:16:45.88
7483,SK112C,6,0,0,9,6,0.029682292,+40:54:28.76
7484,SK113C,6,0,6,9,6,0.029688669,+41:17:52.02
7485,SK114C,2,2,0,9,2,0.029723947,+40:18:24.91
7486,SK115C,6,0,0,9,6,0.029743021,+41:22:36.17
7487,SK116C,6,0,0,9,6,0.029759109,+41:23:15.73
7488,SK117C,2,2,0,9,2,0.029874884,+40:44:59.04
7489,SK118C,2,2,0,9,2,0.029921806,+41:14:28.57
7490,SK119C,6,0,0,9,6,0.02996456,+41:07:31.77
7491,SK120C,2,2,0,9,2,0.029979306,+41:17:20.52
7492,SK121C,6,0,0,9,6,0.030035914,+41:47:26.20
7493,SK122C,6,0,0,9,6,0.030045301,+41:30:32.89
7494,SK123C,2,4,0,9,4,0.030108935,+40:23:56.23
7495,SK124C,6,0,0,9,6,0.030136806,+41:35:15.65
7496,SK125C,6,0,0,9,6,0.0301761,+41:07:54.37
7497,SK126C,2,2,0,9,2,0.030208947,+40:17:07.16
7498,SK127C,6,0,6,9,6,0.030258796,+41:40:46.20
7499,SK128C,2,2,0,9,2,0.030346111,+40:24:01.91
7500,SK129C,6,0,0,9,6,0.030356667,+41:46:30.90
7501,SK130C,6,0,0,9,6,0.030375162,+41:47:05.19
7502,SK131C,6,0,0,9,6,0.030384502,+41:27:56.31
7503,SK132C,6,0,0,9,6,0.03040728,+41:27:44.90
7504,SK133C,2,2,0,9,2,0.03046022,+40:37:44.04
7505,SK134C,1,0,1,9,6,0.030466667,+41:36:22.80
7506,SK135C,2,2,0,9,2,0.030569109,+41:04:05.42
7507,SK136C,2,2,0,9,2,0.030607141,+40:05:19.76
7508,SK137C,2,2,0,9,2,0.030621921,+41:15:51.97
7509,SK138C,2,2,0,9,2,0.030694306,+42:11:06.76
7510,SK139C,6,0,0,9,6,0.030736308,+41:53:32.20
7511,SK140C,2,2,0,9,2,0.03074831,+40:36:26.71
7512,SK141C,6,0,0,9,6,0.030756412,+41:49:17.22
7513,SK142C,2,2,0,9,2,0.030839907,+41:51:45.67
7514,SK143C,6,0,6,9,6,0.030867639,+41:38:34.37
7515,SK144C,6,0,6,9,6,0.030899618,+41:55:37.10
7516,SK145C,6,0,6,9,6,0.030905637,+41:54:48.59
7517,SK146C,6,0,6,9,6,0.030918252,+41:36:49.19
7518,SK147C,2,2,0,9,2,0.030929618,+40:16:40.10
7519,SK148C,2,2,0,9,2,0.030932164,+40:38:56.57
7520,SK149C,6,0,6,9,2,0.030953356,+41:51:18.29
7521,SK150C,6,0,0,9,6,0.030978727,+41:46:47.21
7522,SK151C,6,0,0,9,6,0.030989745,+42:08:49.80
7523,SK152C,6,0,6,9,6,0.030993981,+41:51:53.40
7524,SK153C,2,2,0,9,2,0.031000972,+41:25:11.25
7525,SK154C,6,0,6,9,6,0.031027118,+41:56:46.87
7526,SK155C,6,0,0,9,6,0.031059896,+41:47:20.19
7527,SK156C,2,2,0,9,2,0.031087477,+40:35:19.73
7528,SK157C,2,2,0,9,2,0.031091806,+40:33:07.06
7529,SK158C,2,2,0,9,2,0.031134167,+40:23:15.84
7530,SK159C,2,2,0,9,2,0.03117397,+41:31:56.24
7531,SK160C,2,2,0,9,2,0.031185718,+40:06:44.45
7532,SK161C,1,0,1,9,6,0.031211771,+41:54:59.08
7533,SK162C,2,2,0,9,2,0.031328449,+40:44:07.55
7534,SK163C,6,0,0,9,6,0.031331111,+42:17:47.45
7535,SK164C,6,0,0,9,6,0.031333194,+41:23:47.08
7536,SK165C,2,2,0,9,2,0.031377697,+40:35:14.58
7539,SK168C,6,0,6,9,6,0.031423171,+41:40:12.13
7540,SK169C,6,0,0,9,6,0.03142765,+41:47:40.79
7542,SK171C,6,0,0,9,6,0.031441748,+41:41:02.01
7543,SK172C,2,2,0,9,2,0.031475278,+41:22:52.10
7544,SK173C,6,0,0,9,6,0.031476806,+41:36:11.08
7545,SK174C,2,2,0,9,2,0.031495625,+41:30:01.66
7546,SK175C,2,2,0,9,2,0.031494942,+41:40:55.98
7547,SK176C,6,0,0,9,6,0.031512025,+42:19:18.66
7548,SK177C,6,0,0,9,6,0.031515891,+41:30:17.29
7549,SK178C,6,0,0,9,6,0.031534225,+41:27:41.59
7550,SK179C,2,2,0,9,2,0.031543634,+40:19:00.81
7551,SK180C,2,2,0,9,2,0.031561644,+41:15:45.11
7552,SK181C,2,2,0,9,2,0.031565081,+41:41:59.06
7553,SK182C,2,2,0,9,2,0.031566192,+41:32:54.06
7554,SK183C,2,2,0,9,2,0.031569086,+41:23:23.85
7555,SK184C,6,0,0,9,6,0.03160147,+41:37:13.91
7556,SK185C,6,0,0,9,6,0.031617523,+41:28:31.52
7557,SK186C,6,0,0,9,6,0.031644363,+41:28:06.79
7558,SK187C,2,2,0,9,2,0.031686748,+41:54:04.36
7559,SK188C,2,2,0,9,2,0.031699086,+41:53:41.29
7560,SK189C,6,0,0,9,6,0.031717523,+41:42:15.82
7561,SK190C,2,2,0,9,2,0.031759167,+41:54:27.07
7562,SK191C,6,0,0,9,6,0.031761354,+41:42:53.78
7563,SK192C,2,2,0,9,2,0.031802882,+41:52:17.26
7564,SK193C,2,2,0,9,2,0.031828356,+40:05:09.21
7565,SK194C,4,0,4,9,2,0.031830475,+41:43:49.87
7566,SK195C,2,2,0,9,2,0.031844086,+40:25:45.30
7567,SK196C,2,2,0,9,2,0.031847002,+40:04:43.90
7568,SK197C,2,2,0,9,2,0.03191728,+40:17:09.65
7569,SK198C,2,2,0,9,2,0.031977361,+40:23:03.99
7570,SK199C,2,2,0,9,2,0.031988229,+41:36:28.90
7571,SK200C,2,2,0,9,2,0.032015139,+40:22:25.96
7572,SK201C,2,2,0,9,2,0.032142894,+41:36:35.85
7573,SK202C,2,2,0,9,2,0.032156609,+41:47:00.96
7574,SK203C,2,2,0,9,2,0.032208669,+40:57:48.71
7575,SK204C,2,2,0,9,2,0.032210023,+40:20:42.29
7576,SK205C,2,2,0,9,2,0.032231586,+40:35:08.43
7577,SK206C,2,2,0,9,2,0.03234603,+40:30:41.08
7578,SK207C,2,2,0,9,2,0.032367581,+41:10:31.97
7579,SK208C,2,2,0,9,2,0.032370891,+40:43:01.27
7580,SK209C,6,0,0,9,6,0.032403866,+41:51:35.38
7581,SK210C,6,0,0,9,6,0.032502384,+41:45:40.25
7582,SK211C,6,0,0,9,6,0.032520498,+41:45:44.03
7583,SK212C,2,6,0,9,2,0.032559583,+41:22:07.07
7584,SK213C,2,2,0,9,2,0.032624942,+42:17:45.36
7585,SK214C,2,2,0,9,2,0.032626389,+40:54:02.45
7586,SK215C,2,2,0,9,2,0.032665752,+41:03:25.24
7587,SK216C,2,2,0,9,2,0.032682477,+41:39:14.62
7588,SK217C,6,0,0,9,6,0.032726528,+41:41:18.60
7589,SK218C,6,0,0,9,6,0.032893507,+42:26:57.63
7590,SK219C,2,2,0,9,2,0.032931725,+41:02:21.44
7591,SK220C,6,0,0,9,6,0.032972141,+41:53:50.28
7592,SK221C,2,2,0,9,2,0.033319803,+41:39:33.43
7593,SK222C,2,2,0,9,2,0.033327384,+41:54:13.18
7594,SK223C,2,2,0,9,2,0.033386863,+40:08:27.01
7595,SK224C,2,2,0,9,2,0.033433333,+41:49:08.25
7596,SK225C,2,2,0,9,2,0.033696539,+42:01:05.78
7597,SK226C,6,0,0,9,6,0.033730394,+41:54:27.07
7598,SK227C,2,2,0,9,2,0.033843414,+42:15:49.00
7599,SK228C,2,2,0,9,2,0.033871505,+41:46:46.06
7600,SK229C,2,2,0,9,2,0.034155799,+41:57:53.30
7601,SK230C,6,0,0,9,6,0.03418191,+41:01:01.69
7602,SK231C,6,0,0,9,6,0.034199525,+41:09:08.70
7603,SK232C,2,2,0,9,2,0.034324977,+42:06:07.33
7604,SK233C,2,2,0,9,2,0.034440336,+42:11:43.19
7605,SK234C,6,0,0,9,6,0.035517361,+42:11:27.66
7606,SK001D,6,0,0,9,0,0.024430324,+41:44:03.10
7607,SK002D,6,0,0,9,0,0.024504167,+41:22:13.00
7608,SK003D,6,0,0,9,0,0.024537963,+41:21:41.70
7609,SK004D,6,0,0,9,0,0.024597106,+42:06:51.30
7610,SK005D,6,0,0,9,0,0.024607523,+41:44:42.00
7611,SK006D,6,0,0,9,0,0.024694213,+42:07:06.80
7612,SK007D,6,0,0,9,0,0.024741782,+42:07:03.50
7613,SK008D,6,0,0,9,0,0.024831713,+41:45:14.00
7614,SK009D,6,0,0,9,0,0.025104039,+41:01:23.13
7615,SK010D,6,0,0,9,0,0.025246065,+41:44:34.30
7616,SK011D,6,0,0,9,0,0.025316898,+41:43:32.80
7617,SK012D,6,0,0,9,0,0.025355324,+40:37:09.60
7618,SK013D,6,0,0,9,0,0.025364097,+41:01:09.57
7619,SK014D,6,0,0,9,0,0.025401736,+41:42:45.60
7620,SK015D,6,0,0,9,0,0.025489815,+41:45:15.50
7621,SK016D,6,0,0,9,0,0.025522153,+41:00:48.76
7622,SK017D,6,0,0,9,0,0.02553125,+41:42:38.20
7623,SK018D,6,0,0,9,0,0.025537384,+41:20:53.40
7624,SK019D,6,0,0,9,0,0.02556412,+42:06:11.90
7625,SK020D,6,0,0,9,0,0.025566782,+41:42:29.00
7626,SK021D,6,0,0,9,0,0.025664815,+40:39:29.70
7627,SK022D,6,0,0,9,0,0.025695833,+42:04:35.90
7628,SK023D,6,0,0,9,0,0.025737269,+41:01:07.50
7629,SK024D,6,0,0,9,0,0.025748727,+40:37:05.10
7630,SK025D,6,0,0,9,0,0.025758565,+41:00:04.20
7631,SK026D,6,0,0,9,0,0.025761458,+42:01:53.70
7632,SK027D,6,0,0,9,0,0.025765394,+41:41:35.70
7633,SK028D,6,0,0,9,0,0.025790162,+41:46:46.80
7634,SK029D,6,0,0,9,0,0.025815856,+40:34:04.50
7635,SK030D,6,0,0,9,0,0.025845718,+40:17:10.00
7636,SK031D,6,0,0,9,0,0.025850926,+41:38:58.50
7637,SK032D,6,0,0,9,0,0.025851273,+41:57:47.70
7638,SK033D,6,0,0,9,0,0.025853356,+41:42:23.90
7639,SK034D,6,0,0,9,0,0.026121875,+41:00:21.00
7640,SK035D,6,0,0,9,0,0.026178704,+41:00:43.40
7641,SK036D,6,0,0,9,0,0.026827315,+41:23:18.90
7642,SK037D,6,0,0,9,0,0.02738044,+41:45:20.50
7643,SK038D,6,0,0,9,0,0.027758333,+40:39:22.00
7644,SK039D,6,0,0,9,0,0.027911829,+41:51:46.15
7645,SK040D,6,0,0,9,0,0.027951157,+41:00:47.00
7646,SK041D,6,0,6,9,0,0.027966528,+40:28:15.22
7647,SK042D,6,0,0,9,0,0.027982025,+41:23:34.32
7648,SK043D,6,0,0,9,0,0.027987037,+40:49:48.30
7649,SK044D,6,0,0,9,0,0.028058831,+40:41:53.57
7650,SK045D,6,0,0,9,0,0.028066667,+41:22:35.20
7651,SK046D,6,0,6,9,0,0.028157674,+40:44:11.01
7652,SK047D,6,0,0,9,0,0.028186574,+40:49:17.20
7653,SK048D,6,0,0,9,0,0.028233449,+40:51:05.00
7654,SK049D,6,0,0,9,0,0.028278218,+40:46:25.61
7655,SK050D,6,0,0,9,0,0.02832581,+41:22:23.70
7656,SK051D,6,0,0,9,0,0.028502396,+40:38:35.72
7657,SK052D,6,0,0,9,0,0.028503935,+40:36:46.20
7658,SK053D,6,0,0,9,0,0.028510995,+42:07:04.70
7659,SK054D,6,0,0,9,0,0.028554745,+41:21:44.00
7660,SK055D,6,0,0,9,0,0.028581829,+41:22:57.30
7661,SK056D,6,0,0,9,0,0.028585648,+42:04:58.50
7662,SK057D,6,0,0,9,0,0.028587037,+41:45:11.20
7663,SK058D,6,0,0,9,0,0.028593634,+41:19:18.90
7664,SK059D,6,0,0,9,0,0.028601852,+42:05:41.50
7665,SK060D,6,0,0,9,0,0.028611111,+41:45:25.20
7666,SK061D,6,0,0,9,0,0.028632755,+42:07:18.70
7667,SK062D,6,0,0,9,0,0.028643056,+41:21:28.10
7668,SK063D,6,0,0,9,0,0.028714699,+41:13:59.90
7669,SK064D,6,0,0,9,0,0.028724537,+41:50:26.50
7670,SK065D,6,0,0,9,0,0.028846296,+42:04:35.20
7671,SK066D,6,0,0,9,0,0.028987269,+41:45:31.70
7672,SK067D,6,0,0,9,0,0.029103356,+41:23:04.26
7673,SK068D,6,0,0,9,0,0.029184144,+42:04:58.20
7674,SK069D,6,0,6,9,0,0.029290856,+41:46:39.40
7675,SK070D,6,0,0,9,0,0.029361053,+40:25:47.88
7676,SK071D,6,0,0,9,0,0.029400116,+42:06:54.40
7677,SK072D,6,0,0,9,0,0.029412986,+41:22:47.00
7678,SK073D,6,0,0,9,0,0.02957662,+41:45:08.90
7679,SK074D,6,0,0,9,0,0.029577315,+42:03:42.00
7680,SK075D,6,0,0,9,0,0.02961331,+42:07:07.00
7681,SK076D,6,0,0,9,0,0.029848727,+42:06:06.90
7682,SK077D,6,0,0,9,0,0.02986713,+41:23:37.60
7683,SK078D,6,0,0,9,0,0.029871065,+41:22:52.30
7684,SK079D,6,0,0,9,0,0.029931019,+41:22:28.70
7685,SK080D,6,0,0,9,0,0.029941204,+42:06:53.10
7686,SK081D,6,0,0,9,0,0.029963657,+41:44:24.10
7687,SK082D,6,0,0,9,0,0.029986806,+41:45:23.20
7688,SK083D,6,0,6,9,0,0.030192708,+41:14:36.92
7689,SK084D,6,0,0,9,0,0.030245891,+40:53:07.05
7690,SK085D,6,0,0,9,0,0.030423843,+40:30:15.60
7691,SK086D,6,0,0,9,0,0.030464699,+40:22:28.50
7692,SK087D,6,0,0,9,0,0.030676852,+41:58:19.00
7693,SK088D,6,0,0,9,0,0.030707407,+41:55:07.10
7694,SK089D,6,0,0,9,0,0.030727778,+40:28:46.60
7695,SK090D,6,0,0,9,0,0.030784491,+41:55:59.30
7696,SK091D,6,0,6,9,0,0.030876852,+41:34:05.60
7697,SK092D,6,0,0,9,0,0.031359838,+40:38:17.80
7698,SK093D,6,0,0,9,0,0.031390972,+40:36:37.70
7699,SK094D,6,0,0,9,0,0.03154669,+41:01:23.99
7700,SK095D,6,0,0,9,0,0.031826181,+41:31:20.00
7701,SK096D,6,0,0,9,0,0.032428125,+40:25:57.60
7702,SK097D,6,0,6,9,0,0.032443947,+40:39:33.70
7703,SK098D,6,0,0,9,0,0.032528843,+40:39:19.93
7704,SK099D,6,0,0,9,0,0.03271838,+40:36:59.93
7705,SK100D,6,0,0,9,0,0.032818519,+40:36:57.80
7706,SK101D,6,0,0,9,0,0.033266782,+40:46:07.70
7707,SK102D,6,0,0,9,0,0.033327685,+41:48:49.20
7708,SK103D,6,0,0,9,0,0.033394306,+41:49:50.59
7709,SK104D,6,0,0,9,0,0.033414931,+41:29:00.50
7710,SK105D,6,0,0,9,0,0.033422049,+41:57:57.72
7711,SK106D,6,0,0,9,0,0.033516898,+41:38:29.03
7712,SK107D,6,0,0,9,0,0.033533565,+41:22:16.60
7713,SK108D,6,0,0,9,0,0.033709144,+41:22:59.20
7714,SK109D,6,0,0,9,0,0.033853819,+41:23:11.50
7715,SK110D,6,0,0,9,0,0.034021887,+41:28:11.68
7716,SK111D,6,0,0,9,0,0.034223032,+41:00:58.10
7720,SK004E,4,0,0,9,0,0.028416435,+41:57:28.70
7721,SK005E,4,0,0,9,0,0.028474225,+41:55:40.16
7722,SK006E,4,0,0,9,0,0.029737847,+41:59:06.60
7723,SK007E,4,0,0,9,0,0.030029769,+40:22:59.65
7724,SK008E,4,0,0,9,0,0.030042477,+42:01:47.90
7725,SK009E,4,0,0,9,0,0.030408565,+40:32:54.80
7726,SK010E,4,0,0,9,0,0.031163056,+41:46:29.89
7727,SK011E,4,0,0,9,0,0.031814931,+41:02:14.13
7729,SK013E,4,0,0,9,0,0.032282407,+40:20:35.00
7733,SK017E,4,0,0,9,0,0.032783993,+41:30:07.84
7734,SK018E,4,0,0,9,0,0.032942477,+41:47:41.40
7735,SK019E,4,0,0,9,0,0.032999769,+41:52:59.70
7736,SK020E,4,0,0,9,0,0.033121412,+41:46:41.40
7737,SK021E,4,0,0,9,0,0.033721505,+41:43:44.58
8002,C002,2,0,1,9,0,0.029823206,+40:51:23.04
8003,C003,2,1,0,8,0,0.027016319,+40:26:34.20
8004,C004,5,0,0,9,5,0.028330833,+40:59:06.02
8005,C005,6,0,0,8,6,0.032245509,+41:03:15.82
8006,C006,6,0,0,8,6,0.032312662,+39:23:55.68
8007,C007,6,0,0,8,6,0.033456863,+42:25:22.94
8008,C008,5,0,5,9,0,0.028455313,+41:03:32.46
8009,C009,1,0,0,1,3,0.028832697,+40:46:12.96
8010,C010,1,0,0,8,0,0.030440394,+41:02:23.20
8011,C011,1,0,1,8,0,0.030545972,+41:38:43.77
8012,C012,6,0,6,9,0,0.028139005,+40:44:52.30
8013,C013,6,0,0,9,0,0.028572083,+40:32:53.71
8014,C014,6,0,0,9,0,0.028609699,+41:09:54.94
8015,C015,6,0,0,9,0,0.028915741,+40:52:12.30
8016,C016,6,0,0,9,0,0.028947164,+41:03:17.42
8017,C017,6,0,6,9,0,0.028949514,+41:14:42.89
8018,C018,6,0,6,9,0,0.029168345,+40:47:55.93
8019,C019,6,0,0,9,0,0.029256944,+41:00:10.84
8020,C020,6,0,0,9,0,0.029258194,+41:22:39.10
8021,C021,6,0,0,9,0,0.029319329,+40:48:35.50
8022,C022,6,0,0,9,0,0.029469676,+41:05:47.28
8023,C023,6,0,6,9,0,0.029518391,+41:22:43.50
8024,C024,6,0,6,9,0,0.029761771,+41:10:38.19
8025,C025,6,0,6,9,0,0.029849896,+41:04:21.56
8026,C026,6,0,6,9,0,0.030002778,+41:02:47.18
8027,C027,6,0,6,9,0,0.030482419,+41:14:14.77
8028,C028,6,0,6,9,0,0.030494005,+41:00:21.54
8029,C029,6,0,0,9,0,0.030530081,+41:45:29.51
8030,C030,6,0,0,9,0,0.030718299,+41:22:28.03
8031,C031,6,0,0,9,0,0.030813715,+41:33:47.75
8032,C032,6,0,0,9,0,0.0313564,+40:17:03.48
8033,C033,6,0,0,9,0,0.031565718,+41:42:10.72
8034,C034,6,0,0,9,0,0.031567164,+41:45:40.64
8035,C035,6,0,0,9,0,0.031577373,+41:29:58.79
8036,C036,6,0,0,9,0,0.03330191,+42:06:57.09
8037,C037,4,0,0,9,0,0.028898137,+40:47:24.36
8038,C038,4,0,0,9,0,0.030186574,+42:07:38.50
8039,C039,4,0,0,9,0,0.030510208,+40:58:53.16
8040,C040,4,0,0,9,0,0.032387963,+41:07:28.27
8041,C041,2,6,0,2,2,0.03081978,+42:04:33.02
8042,C042,6,0,0,2,6,0.031432951,+41:44:46.24
9022,KHM31-22,1,0,1,1,3,0.027762697,+40:35:24.22
9037,KHM31-37,1,0,1,1,3,0.027904803,+40:36:11.37
9074,KHM31-74,1,0,1,3,1,0.028390417,+40:35:19.69
9077,KHM31-77,1,0,1,3,3,0.028399109,+40:36:50.57
9081,KHM31-81,1,0,1,1,3,0.02842294,+40:35:22.38
9085,KHM31-85,1,0,1,1,3,0.028433252,+40:34:24.99
9097,KHM31-97,1,0,1,1,3,0.028458472,+40:34:24.13
9113,KHM31-113,1,0,1,1,3,0.028503194,+40:34:43.63
9151,KHM31-151,1,0,0,0,3,0.02912662,+40:45:59.40
9152,KHM31-152,1,0,0,1,3,0.029130949,+40:46:32.57
9234,KHM31-234,1,0,1,1,3,0.031127002,+41:19:35.54
9246,KHM31-246,1,0,1,2,3,0.031189063,+41:28:51.36
9264,KHM31-264,1,0,1,3,3,0.031317917,+41:35:43.27
9267,KHM31-267,1,0,1,8,0,0.031332407,+41:37:18.40
9330,KHM31-330,2,1,0,8,0,0.029030683,+40:52:59.51
9340,KHM31-340,2,1,0,8,0,0.029085012,+40:52:16.60
9341,KHM31-341,1,0,0,1,0,0.029086227,+40:52:35.70
9345,KHM31-345,1,0,0,1,3,0.029095475,+40:50:09.38
9347,KHM31-347,2,1,0,8,0,0.029100197,+40:50:27.56
9350,KHM31-350,2,1,0,8,0,0.029109468,+40:51:52.54
9801,PHF7-1,1,0,0,8,3,0.028315058,+40:51:40.90
9802,PHF7-2,1,0,0,1,3,0.028337639,+40:51:58.25
9803,PHF8-1,1,0,0,1,3,0.028929444,+40:40:33.38
9804,PHF6-2,5,0,0,9,0,0.029010394,+41:18:47.76
9805,PHF6-1,1,0,1,3,1,0.029953472,+41:18:18.22
9806,PHF4-2,6,0,6,9,0,0.029835764,+41:18:24.40
9807,PHF4-1,4,0,0,9,0,0.031176852,+41:16:57.00
9901,WH2,1,0,1,1,3,0.027777662,+40:33:27.17
9902,MITA140,1,0,0,3,1,0.029276551,+41:17:45.61
9903,WH23,6,0,6,9,0,0.031259954,+41:30:58.90
9904,WH28,1,0,6,0,3,0.031405324,+41:37:36.20
10043,C043,6,0,0,9,0,0.024906412,+40:20:55.93
10044,C044,4,0,0,9,0,0.027101736,+41:43:12.91
10045,C045,6,0,6,9,6,0.023749421,+39:24:10.98
10046,C046,2,0,6,2,6,0.028319444,+41:40:27.00
